<?xml version="1.0" encoding="UTF-8"?>
<?xml-stylesheet type="text/xsl" href="http://findbugs.sourceforge.net/xsl/default.xsl"?>

<BugCollection version="3.0.1" sequence="0" timestamp="1553046855875" analysisTimestamp="1553046854833" release="">
  <Project projectName="vaadin-root[vaadin-compatibility-shared]">
    <Jar>C:\Users\kay\Desktop\SM\projects\framework-master\compatibility-shared\target\classes\com\vaadin\v7\shared\AbstractFieldState.class</Jar>
    <Jar>C:\Users\kay\Desktop\SM\projects\framework-master\compatibility-shared\target\classes\com\vaadin\v7\shared\AbstractLegacyComponentState.class</Jar>
    <Jar>C:\Users\kay\Desktop\SM\projects\framework-master\compatibility-shared\target\classes\com\vaadin\v7\shared\form\FormState.class</Jar>
    <Jar>C:\Users\kay\Desktop\SM\projects\framework-master\compatibility-shared\target\classes\com\vaadin\v7\shared\ui\calendar\CalendarClientRpc.class</Jar>
    <Jar>C:\Users\kay\Desktop\SM\projects\framework-master\compatibility-shared\target\classes\com\vaadin\v7\shared\ui\calendar\CalendarEventId.class</Jar>
    <Jar>C:\Users\kay\Desktop\SM\projects\framework-master\compatibility-shared\target\classes\com\vaadin\v7\shared\ui\calendar\CalendarServerRpc.class</Jar>
    <Jar>C:\Users\kay\Desktop\SM\projects\framework-master\compatibility-shared\target\classes\com\vaadin\v7\shared\ui\calendar\CalendarState$Action.class</Jar>
    <Jar>C:\Users\kay\Desktop\SM\projects\framework-master\compatibility-shared\target\classes\com\vaadin\v7\shared\ui\calendar\CalendarState$Day.class</Jar>
    <Jar>C:\Users\kay\Desktop\SM\projects\framework-master\compatibility-shared\target\classes\com\vaadin\v7\shared\ui\calendar\CalendarState$Event.class</Jar>
    <Jar>C:\Users\kay\Desktop\SM\projects\framework-master\compatibility-shared\target\classes\com\vaadin\v7\shared\ui\calendar\CalendarState$EventSortOrder.class</Jar>
    <Jar>C:\Users\kay\Desktop\SM\projects\framework-master\compatibility-shared\target\classes\com\vaadin\v7\shared\ui\calendar\CalendarState.class</Jar>
    <Jar>C:\Users\kay\Desktop\SM\projects\framework-master\compatibility-shared\target\classes\com\vaadin\v7\shared\ui\calendar\DateConstants.class</Jar>
    <Jar>C:\Users\kay\Desktop\SM\projects\framework-master\compatibility-shared\target\classes\com\vaadin\v7\shared\ui\checkbox\CheckBoxServerRpc.class</Jar>
    <Jar>C:\Users\kay\Desktop\SM\projects\framework-master\compatibility-shared\target\classes\com\vaadin\v7\shared\ui\checkbox\CheckBoxState.class</Jar>
    <Jar>C:\Users\kay\Desktop\SM\projects\framework-master\compatibility-shared\target\classes\com\vaadin\v7\shared\ui\colorpicker\Color.class</Jar>
    <Jar>C:\Users\kay\Desktop\SM\projects\framework-master\compatibility-shared\target\classes\com\vaadin\v7\shared\ui\colorpicker\ColorPickerGradientServerRpc.class</Jar>
    <Jar>C:\Users\kay\Desktop\SM\projects\framework-master\compatibility-shared\target\classes\com\vaadin\v7\shared\ui\colorpicker\ColorPickerGradientState.class</Jar>
    <Jar>C:\Users\kay\Desktop\SM\projects\framework-master\compatibility-shared\target\classes\com\vaadin\v7\shared\ui\colorpicker\ColorPickerGridServerRpc.class</Jar>
    <Jar>C:\Users\kay\Desktop\SM\projects\framework-master\compatibility-shared\target\classes\com\vaadin\v7\shared\ui\colorpicker\ColorPickerGridState.class</Jar>
    <Jar>C:\Users\kay\Desktop\SM\projects\framework-master\compatibility-shared\target\classes\com\vaadin\v7\shared\ui\colorpicker\ColorPickerServerRpc.class</Jar>
    <Jar>C:\Users\kay\Desktop\SM\projects\framework-master\compatibility-shared\target\classes\com\vaadin\v7\shared\ui\colorpicker\ColorPickerState.class</Jar>
    <Jar>C:\Users\kay\Desktop\SM\projects\framework-master\compatibility-shared\target\classes\com\vaadin\v7\shared\ui\combobox\ComboBoxConstants.class</Jar>
    <Jar>C:\Users\kay\Desktop\SM\projects\framework-master\compatibility-shared\target\classes\com\vaadin\v7\shared\ui\combobox\ComboBoxState.class</Jar>
    <Jar>C:\Users\kay\Desktop\SM\projects\framework-master\compatibility-shared\target\classes\com\vaadin\v7\shared\ui\combobox\FilteringMode.class</Jar>
    <Jar>C:\Users\kay\Desktop\SM\projects\framework-master\compatibility-shared\target\classes\com\vaadin\v7\shared\ui\datefield\DateFieldConstants.class</Jar>
    <Jar>C:\Users\kay\Desktop\SM\projects\framework-master\compatibility-shared\target\classes\com\vaadin\v7\shared\ui\datefield\InlineDateFieldState.class</Jar>
    <Jar>C:\Users\kay\Desktop\SM\projects\framework-master\compatibility-shared\target\classes\com\vaadin\v7\shared\ui\datefield\PopupDateFieldState.class</Jar>
    <Jar>C:\Users\kay\Desktop\SM\projects\framework-master\compatibility-shared\target\classes\com\vaadin\v7\shared\ui\datefield\Resolution.class</Jar>
    <Jar>C:\Users\kay\Desktop\SM\projects\framework-master\compatibility-shared\target\classes\com\vaadin\v7\shared\ui\datefield\TextualDateFieldState.class</Jar>
    <Jar>C:\Users\kay\Desktop\SM\projects\framework-master\compatibility-shared\target\classes\com\vaadin\v7\shared\ui\grid\ColumnGroupState.class</Jar>
    <Jar>C:\Users\kay\Desktop\SM\projects\framework-master\compatibility-shared\target\classes\com\vaadin\v7\shared\ui\grid\ColumnResizeMode.class</Jar>
    <Jar>C:\Users\kay\Desktop\SM\projects\framework-master\compatibility-shared\target\classes\com\vaadin\v7\shared\ui\grid\EditorClientRpc.class</Jar>
    <Jar>C:\Users\kay\Desktop\SM\projects\framework-master\compatibility-shared\target\classes\com\vaadin\v7\shared\ui\grid\EditorServerRpc.class</Jar>
    <Jar>C:\Users\kay\Desktop\SM\projects\framework-master\compatibility-shared\target\classes\com\vaadin\v7\shared\ui\grid\GridClientRpc.class</Jar>
    <Jar>C:\Users\kay\Desktop\SM\projects\framework-master\compatibility-shared\target\classes\com\vaadin\v7\shared\ui\grid\GridColumnState.class</Jar>
    <Jar>C:\Users\kay\Desktop\SM\projects\framework-master\compatibility-shared\target\classes\com\vaadin\v7\shared\ui\grid\GridConstants$Section.class</Jar>
    <Jar>C:\Users\kay\Desktop\SM\projects\framework-master\compatibility-shared\target\classes\com\vaadin\v7\shared\ui\grid\GridConstants.class</Jar>
    <Jar>C:\Users\kay\Desktop\SM\projects\framework-master\compatibility-shared\target\classes\com\vaadin\v7\shared\ui\grid\GridServerRpc.class</Jar>
    <Jar>C:\Users\kay\Desktop\SM\projects\framework-master\compatibility-shared\target\classes\com\vaadin\v7\shared\ui\grid\GridState$SharedSelectionMode.class</Jar>
    <Jar>C:\Users\kay\Desktop\SM\projects\framework-master\compatibility-shared\target\classes\com\vaadin\v7\shared\ui\grid\GridState.class</Jar>
    <Jar>C:\Users\kay\Desktop\SM\projects\framework-master\compatibility-shared\target\classes\com\vaadin\v7\shared\ui\grid\GridStaticCellType.class</Jar>
    <Jar>C:\Users\kay\Desktop\SM\projects\framework-master\compatibility-shared\target\classes\com\vaadin\v7\shared\ui\grid\GridStaticSectionState$CellState.class</Jar>
    <Jar>C:\Users\kay\Desktop\SM\projects\framework-master\compatibility-shared\target\classes\com\vaadin\v7\shared\ui\grid\GridStaticSectionState$RowState.class</Jar>
    <Jar>C:\Users\kay\Desktop\SM\projects\framework-master\compatibility-shared\target\classes\com\vaadin\v7\shared\ui\grid\GridStaticSectionState.class</Jar>
    <Jar>C:\Users\kay\Desktop\SM\projects\framework-master\compatibility-shared\target\classes\com\vaadin\v7\shared\ui\grid\HeightMode.class</Jar>
    <Jar>C:\Users\kay\Desktop\SM\projects\framework-master\compatibility-shared\target\classes\com\vaadin\v7\shared\ui\grid\renderers\RendererClickRpc.class</Jar>
    <Jar>C:\Users\kay\Desktop\SM\projects\framework-master\compatibility-shared\target\classes\com\vaadin\v7\shared\ui\grid\ScrollDestination.class</Jar>
    <Jar>C:\Users\kay\Desktop\SM\projects\framework-master\compatibility-shared\target\classes\com\vaadin\v7\shared\ui\grid\selection\MultiSelectionModelServerRpc.class</Jar>
    <Jar>C:\Users\kay\Desktop\SM\projects\framework-master\compatibility-shared\target\classes\com\vaadin\v7\shared\ui\grid\selection\MultiSelectionModelState.class</Jar>
    <Jar>C:\Users\kay\Desktop\SM\projects\framework-master\compatibility-shared\target\classes\com\vaadin\v7\shared\ui\grid\selection\SingleSelectionModelServerRpc.class</Jar>
    <Jar>C:\Users\kay\Desktop\SM\projects\framework-master\compatibility-shared\target\classes\com\vaadin\v7\shared\ui\grid\selection\SingleSelectionModelState.class</Jar>
    <Jar>C:\Users\kay\Desktop\SM\projects\framework-master\compatibility-shared\target\classes\com\vaadin\v7\shared\ui\label\ContentMode.class</Jar>
    <Jar>C:\Users\kay\Desktop\SM\projects\framework-master\compatibility-shared\target\classes\com\vaadin\v7\shared\ui\label\LabelState.class</Jar>
    <Jar>C:\Users\kay\Desktop\SM\projects\framework-master\compatibility-shared\target\classes\com\vaadin\v7\shared\ui\optiongroup\OptionGroupConstants.class</Jar>
    <Jar>C:\Users\kay\Desktop\SM\projects\framework-master\compatibility-shared\target\classes\com\vaadin\v7\shared\ui\optiongroup\OptionGroupState.class</Jar>
    <Jar>C:\Users\kay\Desktop\SM\projects\framework-master\compatibility-shared\target\classes\com\vaadin\v7\shared\ui\progressindicator\ProgressBarState.class</Jar>
    <Jar>C:\Users\kay\Desktop\SM\projects\framework-master\compatibility-shared\target\classes\com\vaadin\v7\shared\ui\progressindicator\ProgressIndicatorServerRpc.class</Jar>
    <Jar>C:\Users\kay\Desktop\SM\projects\framework-master\compatibility-shared\target\classes\com\vaadin\v7\shared\ui\progressindicator\ProgressIndicatorState.class</Jar>
    <Jar>C:\Users\kay\Desktop\SM\projects\framework-master\compatibility-shared\target\classes\com\vaadin\v7\shared\ui\select\AbstractSelectState.class</Jar>
    <Jar>C:\Users\kay\Desktop\SM\projects\framework-master\compatibility-shared\target\classes\com\vaadin\v7\shared\ui\slider\SliderOrientation.class</Jar>
    <Jar>C:\Users\kay\Desktop\SM\projects\framework-master\compatibility-shared\target\classes\com\vaadin\v7\shared\ui\slider\SliderServerRpc.class</Jar>
    <Jar>C:\Users\kay\Desktop\SM\projects\framework-master\compatibility-shared\target\classes\com\vaadin\v7\shared\ui\slider\SliderState.class</Jar>
    <Jar>C:\Users\kay\Desktop\SM\projects\framework-master\compatibility-shared\target\classes\com\vaadin\v7\shared\ui\table\CollapseMenuContent.class</Jar>
    <Jar>C:\Users\kay\Desktop\SM\projects\framework-master\compatibility-shared\target\classes\com\vaadin\v7\shared\ui\table\TableConstants$Section.class</Jar>
    <Jar>C:\Users\kay\Desktop\SM\projects\framework-master\compatibility-shared\target\classes\com\vaadin\v7\shared\ui\table\TableConstants.class</Jar>
    <Jar>C:\Users\kay\Desktop\SM\projects\framework-master\compatibility-shared\target\classes\com\vaadin\v7\shared\ui\table\TableServerRpc.class</Jar>
    <Jar>C:\Users\kay\Desktop\SM\projects\framework-master\compatibility-shared\target\classes\com\vaadin\v7\shared\ui\table\TableState.class</Jar>
    <Jar>C:\Users\kay\Desktop\SM\projects\framework-master\compatibility-shared\target\classes\com\vaadin\v7\shared\ui\textarea\RichTextAreaState.class</Jar>
    <Jar>C:\Users\kay\Desktop\SM\projects\framework-master\compatibility-shared\target\classes\com\vaadin\v7\shared\ui\textarea\TextAreaState.class</Jar>
    <Jar>C:\Users\kay\Desktop\SM\projects\framework-master\compatibility-shared\target\classes\com\vaadin\v7\shared\ui\textfield\AbstractTextFieldState.class</Jar>
    <Jar>C:\Users\kay\Desktop\SM\projects\framework-master\compatibility-shared\target\classes\com\vaadin\v7\shared\ui\textfield\TextFieldConstants.class</Jar>
    <Jar>C:\Users\kay\Desktop\SM\projects\framework-master\compatibility-shared\target\classes\com\vaadin\v7\shared\ui\tree\TreeConstants.class</Jar>
    <Jar>C:\Users\kay\Desktop\SM\projects\framework-master\compatibility-shared\target\classes\com\vaadin\v7\shared\ui\tree\TreeServerRpc.class</Jar>
    <Jar>C:\Users\kay\Desktop\SM\projects\framework-master\compatibility-shared\target\classes\com\vaadin\v7\shared\ui\tree\TreeState.class</Jar>
    <Jar>C:\Users\kay\Desktop\SM\projects\framework-master\compatibility-shared\target\classes\com\vaadin\v7\shared\ui\treetable\TreeTableConstants.class</Jar>
    <Jar>C:\Users\kay\Desktop\SM\projects\framework-master\compatibility-shared\target\classes\com\vaadin\v7\shared\ui\treetable\TreeTableState.class</Jar>
    <Jar>C:\Users\kay\Desktop\SM\projects\framework-master\compatibility-shared\target\classes\com\vaadin\v7\shared\ui\twincolselect\TwinColSelectConstants.class</Jar>
    <Jar>C:\Users\kay\Desktop\SM\projects\framework-master\compatibility-shared\target\classes\com\vaadin\v7\shared\ui\twincolselect\TwinColSelectState.class</Jar>
    <Jar>C:\Users\kay\Desktop\SM\projects\framework-master\compatibility-shared\target\classes\com\vaadin\v7\shared\ui\upload\UploadClientRpc.class</Jar>
    <Jar>C:\Users\kay\Desktop\SM\projects\framework-master\compatibility-shared\target\classes\com\vaadin\v7\shared\ui\upload\UploadServerRpc.class</Jar>
    <Jar>C:\Users\kay\Desktop\SM\projects\framework-master\compatibility-shared\target\classes\com\vaadin\v7\shared\ui\upload\UploadState.class</Jar>
    <AuxClasspathEntry>C:/Users/kay/Desktop/SM/projects/framework-master/shared/target/classes</AuxClasspathEntry>
    <AuxClasspathEntry>C:/Users/kay/Desktop/SM/projects/framework-master/shared/target/test-classes</AuxClasspathEntry>
    <AuxClasspathEntry>C:/Users/kay/Desktop/SM/projects/framework-master/compatibility-shared/target/classes</AuxClasspathEntry>
    <AuxClasspathEntry>C:/Users/kay/Desktop/SM/projects/framework-master/compatibility-shared/target/test-classes</AuxClasspathEntry>
    <SrcDir>C:/Users/kay/Desktop/SM/projects/framework-master/compatibility-shared/src/main/java</SrcDir>
  </Project>
  <BugInstance type="SF_SWITCH_NO_DEFAULT" priority="2" rank="19" abbrev="SF" category="STYLE" instanceHash="dd7e237e243ac4ae2d7bdb4e1d994858" instanceOccurrenceNum="0" instanceOccurrenceMax="0">
    <ShortMessage>Switch statement found where default case is missing</ShortMessage>
    <LongMessage>Switch statement found in com.vaadin.v7.shared.ui.colorpicker.Color.HSVtoRGB(float, float, float) where default case is missing</LongMessage>
    <Class classname="com.vaadin.v7.shared.ui.colorpicker.Color" primary="true">
      <SourceLine classname="com.vaadin.v7.shared.ui.colorpicker.Color" sourcefile="Color.java" sourcepath="com/vaadin/v7/shared/ui/colorpicker/Color.java" relSourcepath="com\vaadin\v7\shared\ui\colorpicker\Color.java">
        <Message>In Color.java</Message>
      </SourceLine>
      <Message>In class com.vaadin.v7.shared.ui.colorpicker.Color</Message>
    </Class>
    <Method classname="com.vaadin.v7.shared.ui.colorpicker.Color" name="HSVtoRGB" signature="(FFF)I" isStatic="true" primary="true">
      <SourceLine classname="com.vaadin.v7.shared.ui.colorpicker.Color" start="343" end="390" startBytecode="0" endBytecode="675" sourcefile="Color.java" sourcepath="com/vaadin/v7/shared/ui/colorpicker/Color.java" relSourcepath="com\vaadin\v7\shared\ui\colorpicker\Color.java"/>
      <Message>In method com.vaadin.v7.shared.ui.colorpicker.Color.HSVtoRGB(float, float, float)</Message>
    </Method>
    <SourceLine classname="com.vaadin.v7.shared.ui.colorpicker.Color" primary="true" start="356" end="385" startBytecode="89" endBytecode="328" sourcefile="Color.java" sourcepath="com/vaadin/v7/shared/ui/colorpicker/Color.java" relSourcepath="com\vaadin\v7\shared\ui\colorpicker\Color.java">
      <Message>At Color.java:[lines 356-385]</Message>
    </SourceLine>
    <SourceLine classname="com.vaadin.v7.shared.ui.colorpicker.Color" primary="true" start="356" end="385" startBytecode="89" endBytecode="328" sourcefile="Color.java" sourcepath="com/vaadin/v7/shared/ui/colorpicker/Color.java" relSourcepath="com\vaadin\v7\shared\ui\colorpicker\Color.java">
      <Message>At Color.java:[lines 356-385]</Message>
    </SourceLine>
  </BugInstance>
  <BugCategory category="STYLE">
    <Description>Dodgy code</Description>
  </BugCategory>
  <BugPattern type="SF_SWITCH_NO_DEFAULT" abbrev="SF" category="STYLE">
    <ShortDescription>Switch statement found where default case is missing</ShortDescription>
    <Details><![CDATA[

  <p> This method contains a switch statement where default case is missing.
  Usually you need to provide a default case.</p>
  <p>Because the analysis only looks at the generated bytecode, this warning can be incorrect triggered if
the default case is at the end of the switch statement and the switch statement doesn't contain break statements for other
cases.

    ]]></Details>
  </BugPattern>
  <BugCode abbrev="SF">
    <Description>Switch case falls through</Description>
  </BugCode>
  <Errors errors="0" missingClasses="0"></Errors>
  <FindBugsSummary timestamp="Tue, 19 Mar 2019 18:50:21 -0700" total_classes="81" referenced_classes="119" total_bugs="1" total_size="895" num_packages="22" java_version="1.8.0_152-release" vm_version="25.152-b28" cpu_seconds="167.06" clock_seconds="200.24" peak_mbytes="1094.79" alloc_mbytes="725.00" gc_seconds="5.14" priority_2="1">
    <FileStats path="com/vaadin/v7/shared/AbstractFieldState.java" bugCount="0" size="14"/>
    <FileStats path="com/vaadin/v7/shared/AbstractLegacyComponentState.java" bugCount="0" size="7"/>
    <FileStats path="com/vaadin/v7/shared/form/FormState.java" bugCount="0" size="7"/>
    <FileStats path="com/vaadin/v7/shared/ui/calendar/CalendarClientRpc.java" bugCount="0" size="2"/>
    <FileStats path="com/vaadin/v7/shared/ui/calendar/CalendarEventId.java" bugCount="0" size="12"/>
    <FileStats path="com/vaadin/v7/shared/ui/calendar/CalendarServerRpc.java" bugCount="0" size="12"/>
    <FileStats path="com/vaadin/v7/shared/ui/calendar/CalendarState.java" bugCount="0" size="64"/>
    <FileStats path="com/vaadin/v7/shared/ui/calendar/DateConstants.java" bugCount="0" size="12"/>
    <FileStats path="com/vaadin/v7/shared/ui/checkbox/CheckBoxServerRpc.java" bugCount="0" size="2"/>
    <FileStats path="com/vaadin/v7/shared/ui/checkbox/CheckBoxState.java" bugCount="0" size="6"/>
    <FileStats path="com/vaadin/v7/shared/ui/colorpicker/Color.java" bugCount="1" size="191" bugHash="2d1cc1342fadfe0cc1da0c2e5b0e8b67"/>
    <FileStats path="com/vaadin/v7/shared/ui/colorpicker/ColorPickerGradientServerRpc.java" bugCount="0" size="2"/>
    <FileStats path="com/vaadin/v7/shared/ui/colorpicker/ColorPickerGradientState.java" bugCount="0" size="6"/>
    <FileStats path="com/vaadin/v7/shared/ui/colorpicker/ColorPickerGridServerRpc.java" bugCount="0" size="3"/>
    <FileStats path="com/vaadin/v7/shared/ui/colorpicker/ColorPickerGridState.java" bugCount="0" size="8"/>
    <FileStats path="com/vaadin/v7/shared/ui/colorpicker/ColorPickerServerRpc.java" bugCount="0" size="2"/>
    <FileStats path="com/vaadin/v7/shared/ui/colorpicker/ColorPickerState.java" bugCount="0" size="9"/>
    <FileStats path="com/vaadin/v7/shared/ui/combobox/ComboBoxConstants.java" bugCount="0" size="5"/>
    <FileStats path="com/vaadin/v7/shared/ui/combobox/ComboBoxState.java" bugCount="0" size="5"/>
    <FileStats path="com/vaadin/v7/shared/ui/combobox/FilteringMode.java" bugCount="0" size="11"/>
    <FileStats path="com/vaadin/v7/shared/ui/datefield/DateFieldConstants.java" bugCount="0" size="4"/>
    <FileStats path="com/vaadin/v7/shared/ui/datefield/InlineDateFieldState.java" bugCount="0" size="5"/>
    <FileStats path="com/vaadin/v7/shared/ui/datefield/PopupDateFieldState.java" bugCount="0" size="9"/>
    <FileStats path="com/vaadin/v7/shared/ui/datefield/Resolution.java" bugCount="0" size="32"/>
    <FileStats path="com/vaadin/v7/shared/ui/datefield/TextualDateFieldState.java" bugCount="0" size="8"/>
    <FileStats path="com/vaadin/v7/shared/ui/grid/ColumnGroupState.java" bugCount="0" size="7"/>
    <FileStats path="com/vaadin/v7/shared/ui/grid/ColumnResizeMode.java" bugCount="0" size="11"/>
    <FileStats path="com/vaadin/v7/shared/ui/grid/EditorClientRpc.java" bugCount="0" size="5"/>
    <FileStats path="com/vaadin/v7/shared/ui/grid/EditorServerRpc.java" bugCount="0" size="4"/>
    <FileStats path="com/vaadin/v7/shared/ui/grid/GridClientRpc.java" bugCount="0" size="5"/>
    <FileStats path="com/vaadin/v7/shared/ui/grid/GridColumnState.java" bugCount="0" size="26"/>
    <FileStats path="com/vaadin/v7/shared/ui/grid/GridConstants.java" bugCount="0" size="27"/>
    <FileStats path="com/vaadin/v7/shared/ui/grid/GridServerRpc.java" bugCount="0" size="7"/>
    <FileStats path="com/vaadin/v7/shared/ui/grid/GridState.java" bugCount="0" size="60"/>
    <FileStats path="com/vaadin/v7/shared/ui/grid/GridStaticCellType.java" bugCount="0" size="13"/>
    <FileStats path="com/vaadin/v7/shared/ui/grid/GridStaticSectionState.java" bugCount="0" size="32"/>
    <FileStats path="com/vaadin/v7/shared/ui/grid/HeightMode.java" bugCount="0" size="13"/>
    <FileStats path="com/vaadin/v7/shared/ui/grid/ScrollDestination.java" bugCount="0" size="15"/>
    <FileStats path="com/vaadin/v7/shared/ui/grid/renderers/RendererClickRpc.java" bugCount="0" size="2"/>
    <FileStats path="com/vaadin/v7/shared/ui/grid/selection/MultiSelectionModelServerRpc.java" bugCount="0" size="5"/>
    <FileStats path="com/vaadin/v7/shared/ui/grid/selection/MultiSelectionModelState.java" bugCount="0" size="6"/>
    <FileStats path="com/vaadin/v7/shared/ui/grid/selection/SingleSelectionModelServerRpc.java" bugCount="0" size="2"/>
    <FileStats path="com/vaadin/v7/shared/ui/grid/selection/SingleSelectionModelState.java" bugCount="0" size="7"/>
    <FileStats path="com/vaadin/v7/shared/ui/label/ContentMode.java" bugCount="0" size="17"/>
    <FileStats path="com/vaadin/v7/shared/ui/label/LabelState.java" bugCount="0" size="8"/>
    <FileStats path="com/vaadin/v7/shared/ui/optiongroup/OptionGroupConstants.java" bugCount="0" size="5"/>
    <FileStats path="com/vaadin/v7/shared/ui/optiongroup/OptionGroupState.java" bugCount="0" size="5"/>
    <FileStats path="com/vaadin/v7/shared/ui/progressindicator/ProgressBarState.java" bugCount="0" size="10"/>
    <FileStats path="com/vaadin/v7/shared/ui/progressindicator/ProgressIndicatorServerRpc.java" bugCount="0" size="2"/>
    <FileStats path="com/vaadin/v7/shared/ui/progressindicator/ProgressIndicatorState.java" bugCount="0" size="7"/>
    <FileStats path="com/vaadin/v7/shared/ui/select/AbstractSelectState.java" bugCount="0" size="5"/>
    <FileStats path="com/vaadin/v7/shared/ui/slider/SliderOrientation.java" bugCount="0" size="10"/>
    <FileStats path="com/vaadin/v7/shared/ui/slider/SliderServerRpc.java" bugCount="0" size="2"/>
    <FileStats path="com/vaadin/v7/shared/ui/slider/SliderState.java" bugCount="0" size="13"/>
    <FileStats path="com/vaadin/v7/shared/ui/table/CollapseMenuContent.java" bugCount="0" size="11"/>
    <FileStats path="com/vaadin/v7/shared/ui/table/TableConstants.java" bugCount="0" size="26"/>
    <FileStats path="com/vaadin/v7/shared/ui/table/TableServerRpc.java" bugCount="0" size="2"/>
    <FileStats path="com/vaadin/v7/shared/ui/table/TableState.java" bugCount="0" size="6"/>
    <FileStats path="com/vaadin/v7/shared/ui/textarea/RichTextAreaState.java" bugCount="0" size="5"/>
    <FileStats path="com/vaadin/v7/shared/ui/textarea/TextAreaState.java" bugCount="0" size="8"/>
    <FileStats path="com/vaadin/v7/shared/ui/textfield/AbstractTextFieldState.java" bugCount="0" size="12"/>
    <FileStats path="com/vaadin/v7/shared/ui/textfield/TextFieldConstants.java" bugCount="0" size="9"/>
    <FileStats path="com/vaadin/v7/shared/ui/tree/TreeConstants.java" bugCount="0" size="11"/>
    <FileStats path="com/vaadin/v7/shared/ui/tree/TreeServerRpc.java" bugCount="0" size="2"/>
    <FileStats path="com/vaadin/v7/shared/ui/tree/TreeState.java" bugCount="0" size="5"/>
    <FileStats path="com/vaadin/v7/shared/ui/treetable/TreeTableConstants.java" bugCount="0" size="4"/>
    <FileStats path="com/vaadin/v7/shared/ui/treetable/TreeTableState.java" bugCount="0" size="5"/>
    <FileStats path="com/vaadin/v7/shared/ui/twincolselect/TwinColSelectConstants.java" bugCount="0" size="5"/>
    <FileStats path="com/vaadin/v7/shared/ui/twincolselect/TwinColSelectState.java" bugCount="0" size="5"/>
    <FileStats path="com/vaadin/v7/shared/ui/upload/UploadClientRpc.java" bugCount="0" size="2"/>
    <FileStats path="com/vaadin/v7/shared/ui/upload/UploadServerRpc.java" bugCount="0" size="3"/>
    <FileStats path="com/vaadin/v7/shared/ui/upload/UploadState.java" bugCount="0" size="5"/>
    <PackageStats package="com.vaadin.v7.shared" total_bugs="0" total_types="2" total_size="21">
      <ClassStats class="com.vaadin.v7.shared.AbstractFieldState" sourceFile="AbstractFieldState.java" interface="false" size="14" bugs="0"/>
      <ClassStats class="com.vaadin.v7.shared.AbstractLegacyComponentState" sourceFile="AbstractLegacyComponentState.java" interface="false" size="7" bugs="0"/>
    </PackageStats>
    <PackageStats package="com.vaadin.v7.shared.form" total_bugs="0" total_types="1" total_size="7">
      <ClassStats class="com.vaadin.v7.shared.form.FormState" sourceFile="FormState.java" interface="false" size="7" bugs="0"/>
    </PackageStats>
    <PackageStats package="com.vaadin.v7.shared.ui.calendar" total_bugs="0" total_types="9" total_size="102">
      <ClassStats class="com.vaadin.v7.shared.ui.calendar.CalendarClientRpc" sourceFile="CalendarClientRpc.java" interface="true" size="2" bugs="0"/>
      <ClassStats class="com.vaadin.v7.shared.ui.calendar.CalendarEventId" sourceFile="CalendarEventId.java" interface="false" size="12" bugs="0"/>
      <ClassStats class="com.vaadin.v7.shared.ui.calendar.CalendarServerRpc" sourceFile="CalendarServerRpc.java" interface="true" size="12" bugs="0"/>
      <ClassStats class="com.vaadin.v7.shared.ui.calendar.CalendarState" sourceFile="CalendarState.java" interface="false" size="23" bugs="0"/>
      <ClassStats class="com.vaadin.v7.shared.ui.calendar.CalendarState$Action" sourceFile="CalendarState.java" interface="false" size="8" bugs="0"/>
      <ClassStats class="com.vaadin.v7.shared.ui.calendar.CalendarState$Day" sourceFile="CalendarState.java" interface="false" size="8" bugs="0"/>
      <ClassStats class="com.vaadin.v7.shared.ui.calendar.CalendarState$Event" sourceFile="CalendarState.java" interface="false" size="12" bugs="0"/>
      <ClassStats class="com.vaadin.v7.shared.ui.calendar.CalendarState$EventSortOrder" sourceFile="CalendarState.java" interface="false" size="13" bugs="0"/>
      <ClassStats class="com.vaadin.v7.shared.ui.calendar.DateConstants" sourceFile="DateConstants.java" interface="false" size="12" bugs="0"/>
    </PackageStats>
    <PackageStats package="com.vaadin.v7.shared.ui.checkbox" total_bugs="0" total_types="2" total_size="8">
      <ClassStats class="com.vaadin.v7.shared.ui.checkbox.CheckBoxServerRpc" sourceFile="CheckBoxServerRpc.java" interface="true" size="2" bugs="0"/>
      <ClassStats class="com.vaadin.v7.shared.ui.checkbox.CheckBoxState" sourceFile="CheckBoxState.java" interface="false" size="6" bugs="0"/>
    </PackageStats>
    <PackageStats package="com.vaadin.v7.shared.ui.colorpicker" total_bugs="1" total_types="7" total_size="221" priority_2="1">
      <ClassStats class="com.vaadin.v7.shared.ui.colorpicker.Color" sourceFile="Color.java" interface="false" size="191" bugs="1" priority_2="1"/>
      <ClassStats class="com.vaadin.v7.shared.ui.colorpicker.ColorPickerGradientServerRpc" sourceFile="ColorPickerGradientServerRpc.java" interface="true" size="2" bugs="0"/>
      <ClassStats class="com.vaadin.v7.shared.ui.colorpicker.ColorPickerGradientState" sourceFile="ColorPickerGradientState.java" interface="false" size="6" bugs="0"/>
      <ClassStats class="com.vaadin.v7.shared.ui.colorpicker.ColorPickerGridServerRpc" sourceFile="ColorPickerGridServerRpc.java" interface="true" size="3" bugs="0"/>
      <ClassStats class="com.vaadin.v7.shared.ui.colorpicker.ColorPickerGridState" sourceFile="ColorPickerGridState.java" interface="false" size="8" bugs="0"/>
      <ClassStats class="com.vaadin.v7.shared.ui.colorpicker.ColorPickerServerRpc" sourceFile="ColorPickerServerRpc.java" interface="true" size="2" bugs="0"/>
      <ClassStats class="com.vaadin.v7.shared.ui.colorpicker.ColorPickerState" sourceFile="ColorPickerState.java" interface="false" size="9" bugs="0"/>
    </PackageStats>
    <PackageStats package="com.vaadin.v7.shared.ui.combobox" total_bugs="0" total_types="3" total_size="21">
      <ClassStats class="com.vaadin.v7.shared.ui.combobox.ComboBoxConstants" sourceFile="ComboBoxConstants.java" interface="false" size="5" bugs="0"/>
      <ClassStats class="com.vaadin.v7.shared.ui.combobox.ComboBoxState" sourceFile="ComboBoxState.java" interface="false" size="5" bugs="0"/>
      <ClassStats class="com.vaadin.v7.shared.ui.combobox.FilteringMode" sourceFile="FilteringMode.java" interface="false" size="11" bugs="0"/>
    </PackageStats>
    <PackageStats package="com.vaadin.v7.shared.ui.datefield" total_bugs="0" total_types="5" total_size="58">
      <ClassStats class="com.vaadin.v7.shared.ui.datefield.DateFieldConstants" sourceFile="DateFieldConstants.java" interface="false" size="4" bugs="0"/>
      <ClassStats class="com.vaadin.v7.shared.ui.datefield.InlineDateFieldState" sourceFile="InlineDateFieldState.java" interface="false" size="5" bugs="0"/>
      <ClassStats class="com.vaadin.v7.shared.ui.datefield.PopupDateFieldState" sourceFile="PopupDateFieldState.java" interface="false" size="9" bugs="0"/>
      <ClassStats class="com.vaadin.v7.shared.ui.datefield.Resolution" sourceFile="Resolution.java" interface="false" size="32" bugs="0"/>
      <ClassStats class="com.vaadin.v7.shared.ui.datefield.TextualDateFieldState" sourceFile="TextualDateFieldState.java" interface="false" size="8" bugs="0"/>
    </PackageStats>
    <PackageStats package="com.vaadin.v7.shared.ui.grid" total_bugs="0" total_types="17" total_size="225">
      <ClassStats class="com.vaadin.v7.shared.ui.grid.ColumnGroupState" sourceFile="ColumnGroupState.java" interface="false" size="7" bugs="0"/>
      <ClassStats class="com.vaadin.v7.shared.ui.grid.ColumnResizeMode" sourceFile="ColumnResizeMode.java" interface="false" size="11" bugs="0"/>
      <ClassStats class="com.vaadin.v7.shared.ui.grid.EditorClientRpc" sourceFile="EditorClientRpc.java" interface="true" size="5" bugs="0"/>
      <ClassStats class="com.vaadin.v7.shared.ui.grid.EditorServerRpc" sourceFile="EditorServerRpc.java" interface="true" size="4" bugs="0"/>
      <ClassStats class="com.vaadin.v7.shared.ui.grid.GridClientRpc" sourceFile="GridClientRpc.java" interface="true" size="5" bugs="0"/>
      <ClassStats class="com.vaadin.v7.shared.ui.grid.GridColumnState" sourceFile="GridColumnState.java" interface="false" size="26" bugs="0"/>
      <ClassStats class="com.vaadin.v7.shared.ui.grid.GridConstants" sourceFile="GridConstants.java" interface="false" size="16" bugs="0"/>
      <ClassStats class="com.vaadin.v7.shared.ui.grid.GridConstants$Section" sourceFile="GridConstants.java" interface="false" size="11" bugs="0"/>
      <ClassStats class="com.vaadin.v7.shared.ui.grid.GridServerRpc" sourceFile="GridServerRpc.java" interface="true" size="7" bugs="0"/>
      <ClassStats class="com.vaadin.v7.shared.ui.grid.GridState" sourceFile="GridState.java" interface="false" size="47" bugs="0"/>
      <ClassStats class="com.vaadin.v7.shared.ui.grid.GridState$SharedSelectionMode" sourceFile="GridState.java" interface="false" size="13" bugs="0"/>
      <ClassStats class="com.vaadin.v7.shared.ui.grid.GridStaticCellType" sourceFile="GridStaticCellType.java" interface="false" size="13" bugs="0"/>
      <ClassStats class="com.vaadin.v7.shared.ui.grid.GridStaticSectionState" sourceFile="GridStaticSectionState.java" interface="false" size="7" bugs="0"/>
      <ClassStats class="com.vaadin.v7.shared.ui.grid.GridStaticSectionState$CellState" sourceFile="GridStaticSectionState.java" interface="false" size="14" bugs="0"/>
      <ClassStats class="com.vaadin.v7.shared.ui.grid.GridStaticSectionState$RowState" sourceFile="GridStaticSectionState.java" interface="false" size="11" bugs="0"/>
      <ClassStats class="com.vaadin.v7.shared.ui.grid.HeightMode" sourceFile="HeightMode.java" interface="false" size="13" bugs="0"/>
      <ClassStats class="com.vaadin.v7.shared.ui.grid.ScrollDestination" sourceFile="ScrollDestination.java" interface="false" size="15" bugs="0"/>
    </PackageStats>
    <PackageStats package="com.vaadin.v7.shared.ui.grid.renderers" total_bugs="0" total_types="1" total_size="2">
      <ClassStats class="com.vaadin.v7.shared.ui.grid.renderers.RendererClickRpc" sourceFile="RendererClickRpc.java" interface="true" size="2" bugs="0"/>
    </PackageStats>
    <PackageStats package="com.vaadin.v7.shared.ui.grid.selection" total_bugs="0" total_types="4" total_size="20">
      <ClassStats class="com.vaadin.v7.shared.ui.grid.selection.MultiSelectionModelServerRpc" sourceFile="MultiSelectionModelServerRpc.java" interface="true" size="5" bugs="0"/>
      <ClassStats class="com.vaadin.v7.shared.ui.grid.selection.MultiSelectionModelState" sourceFile="MultiSelectionModelState.java" interface="false" size="6" bugs="0"/>
      <ClassStats class="com.vaadin.v7.shared.ui.grid.selection.SingleSelectionModelServerRpc" sourceFile="SingleSelectionModelServerRpc.java" interface="true" size="2" bugs="0"/>
      <ClassStats class="com.vaadin.v7.shared.ui.grid.selection.SingleSelectionModelState" sourceFile="SingleSelectionModelState.java" interface="false" size="7" bugs="0"/>
    </PackageStats>
    <PackageStats package="com.vaadin.v7.shared.ui.label" total_bugs="0" total_types="2" total_size="25">
      <ClassStats class="com.vaadin.v7.shared.ui.label.ContentMode" sourceFile="ContentMode.java" interface="false" size="17" bugs="0"/>
      <ClassStats class="com.vaadin.v7.shared.ui.label.LabelState" sourceFile="LabelState.java" interface="false" size="8" bugs="0"/>
    </PackageStats>
    <PackageStats package="com.vaadin.v7.shared.ui.optiongroup" total_bugs="0" total_types="2" total_size="10">
      <ClassStats class="com.vaadin.v7.shared.ui.optiongroup.OptionGroupConstants" sourceFile="OptionGroupConstants.java" interface="false" size="5" bugs="0"/>
      <ClassStats class="com.vaadin.v7.shared.ui.optiongroup.OptionGroupState" sourceFile="OptionGroupState.java" interface="false" size="5" bugs="0"/>
    </PackageStats>
    <PackageStats package="com.vaadin.v7.shared.ui.progressindicator" total_bugs="0" total_types="3" total_size="19">
      <ClassStats class="com.vaadin.v7.shared.ui.progressindicator.ProgressBarState" sourceFile="ProgressBarState.java" interface="false" size="10" bugs="0"/>
      <ClassStats class="com.vaadin.v7.shared.ui.progressindicator.ProgressIndicatorServerRpc" sourceFile="ProgressIndicatorServerRpc.java" interface="true" size="2" bugs="0"/>
      <ClassStats class="com.vaadin.v7.shared.ui.progressindicator.ProgressIndicatorState" sourceFile="ProgressIndicatorState.java" interface="false" size="7" bugs="0"/>
    </PackageStats>
    <PackageStats package="com.vaadin.v7.shared.ui.select" total_bugs="0" total_types="1" total_size="5">
      <ClassStats class="com.vaadin.v7.shared.ui.select.AbstractSelectState" sourceFile="AbstractSelectState.java" interface="false" size="5" bugs="0"/>
    </PackageStats>
    <PackageStats package="com.vaadin.v7.shared.ui.slider" total_bugs="0" total_types="3" total_size="25">
      <ClassStats class="com.vaadin.v7.shared.ui.slider.SliderOrientation" sourceFile="SliderOrientation.java" interface="false" size="10" bugs="0"/>
      <ClassStats class="com.vaadin.v7.shared.ui.slider.SliderServerRpc" sourceFile="SliderServerRpc.java" interface="true" size="2" bugs="0"/>
      <ClassStats class="com.vaadin.v7.shared.ui.slider.SliderState" sourceFile="SliderState.java" interface="false" size="13" bugs="0"/>
    </PackageStats>
    <PackageStats package="com.vaadin.v7.shared.ui.table" total_bugs="0" total_types="5" total_size="45">
      <ClassStats class="com.vaadin.v7.shared.ui.table.CollapseMenuContent" sourceFile="CollapseMenuContent.java" interface="false" size="11" bugs="0"/>
      <ClassStats class="com.vaadin.v7.shared.ui.table.TableConstants" sourceFile="TableConstants.java" interface="false" size="15" bugs="0"/>
      <ClassStats class="com.vaadin.v7.shared.ui.table.TableConstants$Section" sourceFile="TableConstants.java" interface="false" size="11" bugs="0"/>
      <ClassStats class="com.vaadin.v7.shared.ui.table.TableServerRpc" sourceFile="TableServerRpc.java" interface="true" size="2" bugs="0"/>
      <ClassStats class="com.vaadin.v7.shared.ui.table.TableState" sourceFile="TableState.java" interface="false" size="6" bugs="0"/>
    </PackageStats>
    <PackageStats package="com.vaadin.v7.shared.ui.textarea" total_bugs="0" total_types="2" total_size="13">
      <ClassStats class="com.vaadin.v7.shared.ui.textarea.RichTextAreaState" sourceFile="RichTextAreaState.java" interface="false" size="5" bugs="0"/>
      <ClassStats class="com.vaadin.v7.shared.ui.textarea.TextAreaState" sourceFile="TextAreaState.java" interface="false" size="8" bugs="0"/>
    </PackageStats>
    <PackageStats package="com.vaadin.v7.shared.ui.textfield" total_bugs="0" total_types="2" total_size="21">
      <ClassStats class="com.vaadin.v7.shared.ui.textfield.AbstractTextFieldState" sourceFile="AbstractTextFieldState.java" interface="false" size="12" bugs="0"/>
      <ClassStats class="com.vaadin.v7.shared.ui.textfield.TextFieldConstants" sourceFile="TextFieldConstants.java" interface="false" size="9" bugs="0"/>
    </PackageStats>
    <PackageStats package="com.vaadin.v7.shared.ui.tree" total_bugs="0" total_types="3" total_size="18">
      <ClassStats class="com.vaadin.v7.shared.ui.tree.TreeConstants" sourceFile="TreeConstants.java" interface="false" size="11" bugs="0"/>
      <ClassStats class="com.vaadin.v7.shared.ui.tree.TreeServerRpc" sourceFile="TreeServerRpc.java" interface="true" size="2" bugs="0"/>
      <ClassStats class="com.vaadin.v7.shared.ui.tree.TreeState" sourceFile="TreeState.java" interface="false" size="5" bugs="0"/>
    </PackageStats>
    <PackageStats package="com.vaadin.v7.shared.ui.treetable" total_bugs="0" total_types="2" total_size="9">
      <ClassStats class="com.vaadin.v7.shared.ui.treetable.TreeTableConstants" sourceFile="TreeTableConstants.java" interface="false" size="4" bugs="0"/>
      <ClassStats class="com.vaadin.v7.shared.ui.treetable.TreeTableState" sourceFile="TreeTableState.java" interface="false" size="5" bugs="0"/>
    </PackageStats>
    <PackageStats package="com.vaadin.v7.shared.ui.twincolselect" total_bugs="0" total_types="2" total_size="10">
      <ClassStats class="com.vaadin.v7.shared.ui.twincolselect.TwinColSelectConstants" sourceFile="TwinColSelectConstants.java" interface="false" size="5" bugs="0"/>
      <ClassStats class="com.vaadin.v7.shared.ui.twincolselect.TwinColSelectState" sourceFile="TwinColSelectState.java" interface="false" size="5" bugs="0"/>
    </PackageStats>
    <PackageStats package="com.vaadin.v7.shared.ui.upload" total_bugs="0" total_types="3" total_size="10">
      <ClassStats class="com.vaadin.v7.shared.ui.upload.UploadClientRpc" sourceFile="UploadClientRpc.java" interface="true" size="2" bugs="0"/>
      <ClassStats class="com.vaadin.v7.shared.ui.upload.UploadServerRpc" sourceFile="UploadServerRpc.java" interface="true" size="3" bugs="0"/>
      <ClassStats class="com.vaadin.v7.shared.ui.upload.UploadState" sourceFile="UploadState.java" interface="false" size="5" bugs="0"/>
    </PackageStats>
    <FindBugsProfile>
      <ClassProfile name="edu.umd.cs.findbugs.FindBugs2" totalMilliseconds="345" invocations="2" avgMicrosecondsPerInvocation="172825" maxMicrosecondsPerInvocation="316897" standardDeviationMircosecondsPerInvocation="144071"/>
      <ClassProfile name="edu.umd.cs.findbugs.classfile.engine.ClassInfoAnalysisEngine" totalMilliseconds="131" invocations="494" avgMicrosecondsPerInvocation="265" maxMicrosecondsPerInvocation="14660" standardDeviationMircosecondsPerInvocation="984"/>
      <ClassProfile name="edu.umd.cs.findbugs.detect.FunctionsThatMightBeMistakenForProcedures" totalMilliseconds="126" invocations="119" avgMicrosecondsPerInvocation="1066" maxMicrosecondsPerInvocation="122363" standardDeviationMircosecondsPerInvocation="11166"/>
      <ClassProfile name="edu.umd.cs.findbugs.classfile.engine.ClassDataAnalysisEngine" totalMilliseconds="92" invocations="498" avgMicrosecondsPerInvocation="185" maxMicrosecondsPerInvocation="2683" standardDeviationMircosecondsPerInvocation="167"/>
      <ClassProfile name="edu.umd.cs.findbugs.ba.npe.NullDerefAndRedundantComparisonFinder" totalMilliseconds="24" invocations="126" avgMicrosecondsPerInvocation="195" maxMicrosecondsPerInvocation="12588" standardDeviationMircosecondsPerInvocation="1120"/>
      <ClassProfile name="edu.umd.cs.findbugs.detect.FieldItemSummary" totalMilliseconds="22" invocations="119" avgMicrosecondsPerInvocation="189" maxMicrosecondsPerInvocation="4713" standardDeviationMircosecondsPerInvocation="633"/>
      <ClassProfile name="edu.umd.cs.findbugs.detect.SynchronizationOnSharedBuiltinConstant" totalMilliseconds="17" invocations="81" avgMicrosecondsPerInvocation="214" maxMicrosecondsPerInvocation="15766" standardDeviationMircosecondsPerInvocation="1739"/>
      <ClassProfile name="edu.umd.cs.findbugs.OpcodeStack$JumpInfoFactory" totalMilliseconds="16" invocations="218" avgMicrosecondsPerInvocation="75" maxMicrosecondsPerInvocation="1237" standardDeviationMircosecondsPerInvocation="131"/>
      <ClassProfile name="edu.umd.cs.findbugs.detect.FindNoSideEffectMethods" totalMilliseconds="12" invocations="119" avgMicrosecondsPerInvocation="102" maxMicrosecondsPerInvocation="2810" standardDeviationMircosecondsPerInvocation="315"/>
    </FindBugsProfile>
  </FindBugsSummary>
  <ClassFeatures></ClassFeatures>
  <History></History>
</BugCollection>
