<?xml version="1.0" encoding="UTF-8"?>
<?xml-stylesheet type="text/xsl" href="http://findbugs.sourceforge.net/xsl/default.xsl"?>

<BugCollection version="3.0.1" sequence="0" timestamp="1553046857039" analysisTimestamp="1553046855875" release="">
  <Project projectName="vaadin-root[vaadin-liferay-integration]">
    <Jar>C:\Users\kay\Desktop\SM\projects\framework-master\liferay-integration\target\classes\com\vaadin\osgi\liferay\OsgiUIProvider.class</Jar>
    <Jar>C:\Users\kay\Desktop\SM\projects\framework-master\liferay-integration\target\classes\com\vaadin\osgi\liferay\OsgiVaadinPortlet.class</Jar>
    <Jar>C:\Users\kay\Desktop\SM\projects\framework-master\liferay-integration\target\classes\com\vaadin\osgi\liferay\OsgiVaadinPortletService.class</Jar>
    <Jar>C:\Users\kay\Desktop\SM\projects\framework-master\liferay-integration\target\classes\com\vaadin\osgi\liferay\PortletProperties.class</Jar>
    <Jar>C:\Users\kay\Desktop\SM\projects\framework-master\liferay-integration\target\classes\com\vaadin\osgi\liferay\PortletUIServiceTrackerCustomizer.class</Jar>
    <Jar>C:\Users\kay\Desktop\SM\projects\framework-master\liferay-integration\target\classes\com\vaadin\osgi\liferay\VaadinLiferayPortletConfiguration.class</Jar>
    <Jar>C:\Users\kay\Desktop\SM\projects\framework-master\liferay-integration\target\classes\com\vaadin\osgi\liferay\VaadinPortletProvider.class</Jar>
    <AuxClasspathEntry>C:/Users/kay/Desktop/SM/projects/framework-master/liferay-integration/target/classes</AuxClasspathEntry>
    <AuxClasspathEntry>C:/Users/kay/Desktop/SM/projects/framework-master/liferay-integration/target/test-classes</AuxClasspathEntry>
    <AuxClasspathEntry>C:/Users/kay/Desktop/SM/projects/framework-master/server/target/classes</AuxClasspathEntry>
    <AuxClasspathEntry>C:/Users/kay/Desktop/SM/projects/framework-master/server/target/test-classes</AuxClasspathEntry>
    <AuxClasspathEntry>C:/Users/kay/Desktop/SM/projects/framework-master/shared/target/classes</AuxClasspathEntry>
    <AuxClasspathEntry>C:/Users/kay/Desktop/SM/projects/framework-master/shared/target/test-classes</AuxClasspathEntry>
    <AuxClasspathEntry>C:/Users/kay/Desktop/SM/projects/framework-master/push/target/classes</AuxClasspathEntry>
    <AuxClasspathEntry>C:/Users/kay/Desktop/SM/projects/framework-master/push/target/test-classes</AuxClasspathEntry>
    <SrcDir>C:/Users/kay/Desktop/SM/projects/framework-master/liferay-integration/src/main/java</SrcDir>
  </Project>
  <BugInstance type="SE_BAD_FIELD" priority="2" rank="16" abbrev="Se" category="BAD_PRACTICE" instanceHash="81a038bd68b0e61be865df6d14e023af" instanceOccurrenceNum="0" instanceOccurrenceMax="0">
    <ShortMessage>Non-transient non-serializable instance field in serializable class</ShortMessage>
    <LongMessage>Class com.vaadin.osgi.liferay.OsgiUIProvider defines non-transient non-serializable instance field logService</LongMessage>
    <Class classname="com.vaadin.osgi.liferay.OsgiUIProvider" primary="true">
      <SourceLine classname="com.vaadin.osgi.liferay.OsgiUIProvider" sourcefile="OsgiUIProvider.java" sourcepath="com/vaadin/osgi/liferay/OsgiUIProvider.java" relSourcepath="com\vaadin\osgi\liferay\OsgiUIProvider.java">
        <Message>In OsgiUIProvider.java</Message>
      </SourceLine>
      <Message>In class com.vaadin.osgi.liferay.OsgiUIProvider</Message>
    </Class>
    <Field classname="com.vaadin.osgi.liferay.OsgiUIProvider" name="logService" signature="Ljava/util/Optional;" isStatic="false" primary="true">
      <SourceLine classname="com.vaadin.osgi.liferay.OsgiUIProvider" sourcefile="OsgiUIProvider.java" sourcepath="com/vaadin/osgi/liferay/OsgiUIProvider.java" relSourcepath="com\vaadin\osgi\liferay\OsgiUIProvider.java">
        <Message>In OsgiUIProvider.java</Message>
      </SourceLine>
      <Message>Field com.vaadin.osgi.liferay.OsgiUIProvider.logService</Message>
    </Field>
    <Type descriptor="Ljava/util/Optional;" role="TYPE_FOUND" typeParameters="&lt;org.osgi.service.log.LogService&gt;">
      <SourceLine classname="java.util.Optional" start="54" end="346" sourcefile="Optional.java" sourcepath="java/util/Optional.java">
        <Message>At Optional.java:[lines 54-346]</Message>
      </SourceLine>
      <Message>Actual type java.util.Optional&lt;org.osgi.service.log.LogService&gt;</Message>
    </Type>
    <SourceLine classname="com.vaadin.osgi.liferay.OsgiUIProvider" sourcefile="OsgiUIProvider.java" sourcepath="com/vaadin/osgi/liferay/OsgiUIProvider.java" relSourcepath="com\vaadin\osgi\liferay\OsgiUIProvider.java" synthetic="true">
      <Message>In OsgiUIProvider.java</Message>
    </SourceLine>
  </BugInstance>
  <BugInstance type="NP_LOAD_OF_KNOWN_NULL_VALUE" priority="2" rank="16" abbrev="NP" category="STYLE" instanceHash="87b155671bca39d448165a5845d472e6" instanceOccurrenceNum="0" instanceOccurrenceMax="0" cweid="476">
    <ShortMessage>Load of known null value</ShortMessage>
    <LongMessage>Load of known null value in com.vaadin.osgi.liferay.PortletUIServiceTrackerCustomizer.copyProperty(ServiceReference, Dictionary, String, Object)</LongMessage>
    <Class classname="com.vaadin.osgi.liferay.PortletUIServiceTrackerCustomizer" primary="true">
      <SourceLine classname="com.vaadin.osgi.liferay.PortletUIServiceTrackerCustomizer" sourcefile="PortletUIServiceTrackerCustomizer.java" sourcepath="com/vaadin/osgi/liferay/PortletUIServiceTrackerCustomizer.java" relSourcepath="com\vaadin\osgi\liferay\PortletUIServiceTrackerCustomizer.java">
        <Message>In PortletUIServiceTrackerCustomizer.java</Message>
      </SourceLine>
      <Message>In class com.vaadin.osgi.liferay.PortletUIServiceTrackerCustomizer</Message>
    </Class>
    <Method classname="com.vaadin.osgi.liferay.PortletUIServiceTrackerCustomizer" name="copyProperty" signature="(Lorg/osgi/framework/ServiceReference;Ljava/util/Dictionary;Ljava/lang/String;Ljava/lang/Object;)V" isStatic="false" primary="true">
      <SourceLine classname="com.vaadin.osgi.liferay.PortletUIServiceTrackerCustomizer" start="169" end="175" startBytecode="0" endBytecode="21" sourcefile="PortletUIServiceTrackerCustomizer.java" sourcepath="com/vaadin/osgi/liferay/PortletUIServiceTrackerCustomizer.java" relSourcepath="com\vaadin\osgi\liferay\PortletUIServiceTrackerCustomizer.java"/>
      <Message>In method com.vaadin.osgi.liferay.PortletUIServiceTrackerCustomizer.copyProperty(ServiceReference, Dictionary, String, Object)</Message>
    </Method>
    <LocalVariable name="value" register="5" pc="22" role="LOCAL_VARIABLE_VALUE_OF">
      <Message>Value loaded from value</Message>
    </LocalVariable>
    <SourceLine classname="com.vaadin.osgi.liferay.PortletUIServiceTrackerCustomizer" primary="true" start="172" end="172" startBytecode="25" endBytecode="25" sourcefile="PortletUIServiceTrackerCustomizer.java" sourcepath="com/vaadin/osgi/liferay/PortletUIServiceTrackerCustomizer.java" relSourcepath="com\vaadin\osgi\liferay\PortletUIServiceTrackerCustomizer.java">
      <Message>At PortletUIServiceTrackerCustomizer.java:[line 172]</Message>
    </SourceLine>
    <SourceLine classname="com.vaadin.osgi.liferay.PortletUIServiceTrackerCustomizer" primary="true" start="172" end="172" startBytecode="25" endBytecode="25" sourcefile="PortletUIServiceTrackerCustomizer.java" sourcepath="com/vaadin/osgi/liferay/PortletUIServiceTrackerCustomizer.java" relSourcepath="com\vaadin\osgi\liferay\PortletUIServiceTrackerCustomizer.java">
      <Message>At PortletUIServiceTrackerCustomizer.java:[line 172]</Message>
    </SourceLine>
  </BugInstance>
  <BugCategory category="BAD_PRACTICE">
    <Description>Bad practice</Description>
  </BugCategory>
  <BugCategory category="STYLE">
    <Description>Dodgy code</Description>
  </BugCategory>
  <BugPattern type="NP_LOAD_OF_KNOWN_NULL_VALUE" abbrev="NP" category="STYLE">
    <ShortDescription>Load of known null value</ShortDescription>
    <Details><![CDATA[

  <p> The variable referenced at this point is known to be null due to an earlier
   check against null. Although this is valid, it might be a mistake (perhaps you
intended to refer to a different variable, or perhaps the earlier check to see if the
variable is null should have been a check to see if it was non-null).
</p>

    ]]></Details>
  </BugPattern>
  <BugPattern type="SE_BAD_FIELD" abbrev="Se" category="BAD_PRACTICE">
    <ShortDescription>Non-transient non-serializable instance field in serializable class</ShortDescription>
    <Details><![CDATA[

<p> This Serializable class defines a non-primitive instance field which is neither transient,
Serializable, or <code>java.lang.Object</code>, and does not appear to implement
the <code>Externalizable</code> interface or the
<code>readObject()</code> and <code>writeObject()</code> methods.&nbsp;
Objects of this class will not be deserialized correctly if a non-Serializable
object is stored in this field.</p>

    ]]></Details>
  </BugPattern>
  <BugCode abbrev="Se">
    <Description>Incorrect definition of Serializable class</Description>
  </BugCode>
  <BugCode abbrev="NP" cweid="476">
    <Description>Null pointer dereference</Description>
  </BugCode>
  <Errors errors="0" missingClasses="0"></Errors>
  <FindBugsSummary timestamp="Tue, 19 Mar 2019 18:50:20 -0700" total_classes="7" referenced_classes="167" total_bugs="2" total_size="198" num_packages="1" java_version="1.8.0_152-release" vm_version="25.152-b28" cpu_seconds="170.06" clock_seconds="202.26" peak_mbytes="1095.76" alloc_mbytes="725.00" gc_seconds="4.99" priority_2="2">
    <FileStats path="com/vaadin/osgi/liferay/OsgiUIProvider.java" bugCount="1" size="33" bugHash="9618e614d502552140336c0268b47c27"/>
    <FileStats path="com/vaadin/osgi/liferay/OsgiVaadinPortlet.java" bugCount="0" size="10"/>
    <FileStats path="com/vaadin/osgi/liferay/OsgiVaadinPortletService.java" bugCount="0" size="10"/>
    <FileStats path="com/vaadin/osgi/liferay/PortletProperties.java" bugCount="0" size="9"/>
    <FileStats path="com/vaadin/osgi/liferay/PortletUIServiceTrackerCustomizer.java" bugCount="1" size="106" bugHash="61d1137a4e40e6c04620ddbb81037dc6"/>
    <FileStats path="com/vaadin/osgi/liferay/VaadinLiferayPortletConfiguration.java" bugCount="0" size="5"/>
    <FileStats path="com/vaadin/osgi/liferay/VaadinPortletProvider.java" bugCount="0" size="25"/>
    <PackageStats package="com.vaadin.osgi.liferay" total_bugs="2" total_types="7" total_size="198" priority_2="2">
      <ClassStats class="com.vaadin.osgi.liferay.OsgiUIProvider" sourceFile="OsgiUIProvider.java" interface="false" size="33" bugs="1" priority_2="1"/>
      <ClassStats class="com.vaadin.osgi.liferay.OsgiVaadinPortlet" sourceFile="OsgiVaadinPortlet.java" interface="false" size="10" bugs="0"/>
      <ClassStats class="com.vaadin.osgi.liferay.OsgiVaadinPortletService" sourceFile="OsgiVaadinPortletService.java" interface="false" size="10" bugs="0"/>
      <ClassStats class="com.vaadin.osgi.liferay.PortletProperties" sourceFile="PortletProperties.java" interface="false" size="9" bugs="0"/>
      <ClassStats class="com.vaadin.osgi.liferay.PortletUIServiceTrackerCustomizer" sourceFile="PortletUIServiceTrackerCustomizer.java" interface="false" size="106" bugs="1" priority_2="1"/>
      <ClassStats class="com.vaadin.osgi.liferay.VaadinLiferayPortletConfiguration" sourceFile="VaadinLiferayPortletConfiguration.java" interface="true" size="5" bugs="0"/>
      <ClassStats class="com.vaadin.osgi.liferay.VaadinPortletProvider" sourceFile="VaadinPortletProvider.java" interface="false" size="25" bugs="0"/>
    </PackageStats>
    <FindBugsProfile>
      <ClassProfile name="edu.umd.cs.findbugs.FindBugs2" totalMilliseconds="422" invocations="2" avgMicrosecondsPerInvocation="211040" maxMicrosecondsPerInvocation="410725" standardDeviationMircosecondsPerInvocation="199685"/>
      <ClassProfile name="edu.umd.cs.findbugs.classfile.engine.ClassDataAnalysisEngine" totalMilliseconds="223" invocations="998" avgMicrosecondsPerInvocation="223" maxMicrosecondsPerInvocation="6915" standardDeviationMircosecondsPerInvocation="236"/>
      <ClassProfile name="edu.umd.cs.findbugs.classfile.engine.ClassInfoAnalysisEngine" totalMilliseconds="153" invocations="995" avgMicrosecondsPerInvocation="154" maxMicrosecondsPerInvocation="11544" standardDeviationMircosecondsPerInvocation="594"/>
      <ClassProfile name="edu.umd.cs.findbugs.detect.FieldItemSummary" totalMilliseconds="56" invocations="167" avgMicrosecondsPerInvocation="337" maxMicrosecondsPerInvocation="12271" standardDeviationMircosecondsPerInvocation="1047"/>
      <ClassProfile name="edu.umd.cs.findbugs.OpcodeStack$JumpInfoFactory" totalMilliseconds="41" invocations="324" avgMicrosecondsPerInvocation="127" maxMicrosecondsPerInvocation="10714" standardDeviationMircosecondsPerInvocation="603"/>
    </FindBugsProfile>
  </FindBugsSummary>
  <ClassFeatures></ClassFeatures>
  <History></History>
</BugCollection>
