<?xml version="1.0" encoding="UTF-8"?>
<?xml-stylesheet type="text/xsl" href="http://findbugs.sourceforge.net/xsl/default.xsl"?>

<BugCollection version="3.0.1" sequence="0" timestamp="1553046890528" analysisTimestamp="1553046889431" release="">
  <Project projectName="vaadin-root[vaadin-testbench-api]">
    <Jar>C:\Users\kay\Desktop\SM\projects\framework-master\testbench-api\target\classes\com\vaadin\testbench\elements\AbsoluteLayoutElement.class</Jar>
    <Jar>C:\Users\kay\Desktop\SM\projects\framework-master\testbench-api\target\classes\com\vaadin\testbench\elements\AbstractColorPickerElement.class</Jar>
    <Jar>C:\Users\kay\Desktop\SM\projects\framework-master\testbench-api\target\classes\com\vaadin\testbench\elements\AbstractComponentContainerElement.class</Jar>
    <Jar>C:\Users\kay\Desktop\SM\projects\framework-master\testbench-api\target\classes\com\vaadin\testbench\elements\AbstractComponentElement$ReadOnlyException.class</Jar>
    <Jar>C:\Users\kay\Desktop\SM\projects\framework-master\testbench-api\target\classes\com\vaadin\testbench\elements\AbstractComponentElement.class</Jar>
    <Jar>C:\Users\kay\Desktop\SM\projects\framework-master\testbench-api\target\classes\com\vaadin\testbench\elements\AbstractDateFieldElement.class</Jar>
    <Jar>C:\Users\kay\Desktop\SM\projects\framework-master\testbench-api\target\classes\com\vaadin\testbench\elements\AbstractEmbeddedElement.class</Jar>
    <Jar>C:\Users\kay\Desktop\SM\projects\framework-master\testbench-api\target\classes\com\vaadin\testbench\elements\AbstractFieldElement.class</Jar>
    <Jar>C:\Users\kay\Desktop\SM\projects\framework-master\testbench-api\target\classes\com\vaadin\testbench\elements\AbstractJavaScriptComponentElement.class</Jar>
    <Jar>C:\Users\kay\Desktop\SM\projects\framework-master\testbench-api\target\classes\com\vaadin\testbench\elements\AbstractLayoutElement.class</Jar>
    <Jar>C:\Users\kay\Desktop\SM\projects\framework-master\testbench-api\target\classes\com\vaadin\testbench\elements\AbstractMediaElement.class</Jar>
    <Jar>C:\Users\kay\Desktop\SM\projects\framework-master\testbench-api\target\classes\com\vaadin\testbench\elements\AbstractOrderedLayoutElement.class</Jar>
    <Jar>C:\Users\kay\Desktop\SM\projects\framework-master\testbench-api\target\classes\com\vaadin\testbench\elements\AbstractSelectElement.class</Jar>
    <Jar>C:\Users\kay\Desktop\SM\projects\framework-master\testbench-api\target\classes\com\vaadin\testbench\elements\AbstractSingleComponentContainerElement.class</Jar>
    <Jar>C:\Users\kay\Desktop\SM\projects\framework-master\testbench-api\target\classes\com\vaadin\testbench\elements\AbstractSingleSelectElement.class</Jar>
    <Jar>C:\Users\kay\Desktop\SM\projects\framework-master\testbench-api\target\classes\com\vaadin\testbench\elements\AbstractSplitPanelElement.class</Jar>
    <Jar>C:\Users\kay\Desktop\SM\projects\framework-master\testbench-api\target\classes\com\vaadin\testbench\elements\AbstractTextFieldElement.class</Jar>
    <Jar>C:\Users\kay\Desktop\SM\projects\framework-master\testbench-api\target\classes\com\vaadin\testbench\elements\AccordionElement.class</Jar>
    <Jar>C:\Users\kay\Desktop\SM\projects\framework-master\testbench-api\target\classes\com\vaadin\testbench\elements\AudioElement.class</Jar>
    <Jar>C:\Users\kay\Desktop\SM\projects\framework-master\testbench-api\target\classes\com\vaadin\testbench\elements\BrowserFrameElement.class</Jar>
    <Jar>C:\Users\kay\Desktop\SM\projects\framework-master\testbench-api\target\classes\com\vaadin\testbench\elements\ButtonElement.class</Jar>
    <Jar>C:\Users\kay\Desktop\SM\projects\framework-master\testbench-api\target\classes\com\vaadin\testbench\elements\CalendarElement.class</Jar>
    <Jar>C:\Users\kay\Desktop\SM\projects\framework-master\testbench-api\target\classes\com\vaadin\testbench\elements\CheckBoxElement.class</Jar>
    <Jar>C:\Users\kay\Desktop\SM\projects\framework-master\testbench-api\target\classes\com\vaadin\testbench\elements\CheckBoxGroupElement.class</Jar>
    <Jar>C:\Users\kay\Desktop\SM\projects\framework-master\testbench-api\target\classes\com\vaadin\testbench\elements\ColorPickerAreaElement.class</Jar>
    <Jar>C:\Users\kay\Desktop\SM\projects\framework-master\testbench-api\target\classes\com\vaadin\testbench\elements\ColorPickerElement.class</Jar>
    <Jar>C:\Users\kay\Desktop\SM\projects\framework-master\testbench-api\target\classes\com\vaadin\testbench\elements\ColorPickerPreviewElement.class</Jar>
    <Jar>C:\Users\kay\Desktop\SM\projects\framework-master\testbench-api\target\classes\com\vaadin\testbench\elements\ComboBoxElement.class</Jar>
    <Jar>C:\Users\kay\Desktop\SM\projects\framework-master\testbench-api\target\classes\com\vaadin\testbench\elements\CssLayoutElement.class</Jar>
    <Jar>C:\Users\kay\Desktop\SM\projects\framework-master\testbench-api\target\classes\com\vaadin\testbench\elements\CustomComponentElement.class</Jar>
    <Jar>C:\Users\kay\Desktop\SM\projects\framework-master\testbench-api\target\classes\com\vaadin\testbench\elements\CustomFieldElement.class</Jar>
    <Jar>C:\Users\kay\Desktop\SM\projects\framework-master\testbench-api\target\classes\com\vaadin\testbench\elements\CustomLayoutElement.class</Jar>
    <Jar>C:\Users\kay\Desktop\SM\projects\framework-master\testbench-api\target\classes\com\vaadin\testbench\elements\DateFieldElement.class</Jar>
    <Jar>C:\Users\kay\Desktop\SM\projects\framework-master\testbench-api\target\classes\com\vaadin\testbench\elements\DateTimeFieldElement.class</Jar>
    <Jar>C:\Users\kay\Desktop\SM\projects\framework-master\testbench-api\target\classes\com\vaadin\testbench\elements\EmbeddedElement.class</Jar>
    <Jar>C:\Users\kay\Desktop\SM\projects\framework-master\testbench-api\target\classes\com\vaadin\testbench\elements\FlashElement.class</Jar>
    <Jar>C:\Users\kay\Desktop\SM\projects\framework-master\testbench-api\target\classes\com\vaadin\testbench\elements\FormElement.class</Jar>
    <Jar>C:\Users\kay\Desktop\SM\projects\framework-master\testbench-api\target\classes\com\vaadin\testbench\elements\FormLayoutElement.class</Jar>
    <Jar>C:\Users\kay\Desktop\SM\projects\framework-master\testbench-api\target\classes\com\vaadin\testbench\elements\GridElement$1.class</Jar>
    <Jar>C:\Users\kay\Desktop\SM\projects\framework-master\testbench-api\target\classes\com\vaadin\testbench\elements\GridElement$GridCellElement.class</Jar>
    <Jar>C:\Users\kay\Desktop\SM\projects\framework-master\testbench-api\target\classes\com\vaadin\testbench\elements\GridElement$GridEditorElement.class</Jar>
    <Jar>C:\Users\kay\Desktop\SM\projects\framework-master\testbench-api\target\classes\com\vaadin\testbench\elements\GridElement$GridRowElement.class</Jar>
    <Jar>C:\Users\kay\Desktop\SM\projects\framework-master\testbench-api\target\classes\com\vaadin\testbench\elements\GridElement.class</Jar>
    <Jar>C:\Users\kay\Desktop\SM\projects\framework-master\testbench-api\target\classes\com\vaadin\testbench\elements\GridLayoutElement.class</Jar>
    <Jar>C:\Users\kay\Desktop\SM\projects\framework-master\testbench-api\target\classes\com\vaadin\testbench\elements\HorizontalLayoutElement.class</Jar>
    <Jar>C:\Users\kay\Desktop\SM\projects\framework-master\testbench-api\target\classes\com\vaadin\testbench\elements\HorizontalSplitPanelElement.class</Jar>
    <Jar>C:\Users\kay\Desktop\SM\projects\framework-master\testbench-api\target\classes\com\vaadin\testbench\elements\ImageElement.class</Jar>
    <Jar>C:\Users\kay\Desktop\SM\projects\framework-master\testbench-api\target\classes\com\vaadin\testbench\elements\InlineDateFieldElement.class</Jar>
    <Jar>C:\Users\kay\Desktop\SM\projects\framework-master\testbench-api\target\classes\com\vaadin\testbench\elements\InlineDateTimeFieldElement.class</Jar>
    <Jar>C:\Users\kay\Desktop\SM\projects\framework-master\testbench-api\target\classes\com\vaadin\testbench\elements\LabelElement.class</Jar>
    <Jar>C:\Users\kay\Desktop\SM\projects\framework-master\testbench-api\target\classes\com\vaadin\testbench\elements\LegacyWindowElement.class</Jar>
    <Jar>C:\Users\kay\Desktop\SM\projects\framework-master\testbench-api\target\classes\com\vaadin\testbench\elements\LinkElement.class</Jar>
    <Jar>C:\Users\kay\Desktop\SM\projects\framework-master\testbench-api\target\classes\com\vaadin\testbench\elements\ListSelectElement.class</Jar>
    <Jar>C:\Users\kay\Desktop\SM\projects\framework-master\testbench-api\target\classes\com\vaadin\testbench\elements\LoginFormElement.class</Jar>
    <Jar>C:\Users\kay\Desktop\SM\projects\framework-master\testbench-api\target\classes\com\vaadin\testbench\elements\MenuBarElement.class</Jar>
    <Jar>C:\Users\kay\Desktop\SM\projects\framework-master\testbench-api\target\classes\com\vaadin\testbench\elements\NativeButtonElement.class</Jar>
    <Jar>C:\Users\kay\Desktop\SM\projects\framework-master\testbench-api\target\classes\com\vaadin\testbench\elements\NativeSelectElement.class</Jar>
    <Jar>C:\Users\kay\Desktop\SM\projects\framework-master\testbench-api\target\classes\com\vaadin\testbench\elements\NotificationElement.class</Jar>
    <Jar>C:\Users\kay\Desktop\SM\projects\framework-master\testbench-api\target\classes\com\vaadin\testbench\elements\OptionGroupElement.class</Jar>
    <Jar>C:\Users\kay\Desktop\SM\projects\framework-master\testbench-api\target\classes\com\vaadin\testbench\elements\PanelElement.class</Jar>
    <Jar>C:\Users\kay\Desktop\SM\projects\framework-master\testbench-api\target\classes\com\vaadin\testbench\elements\PasswordFieldElement.class</Jar>
    <Jar>C:\Users\kay\Desktop\SM\projects\framework-master\testbench-api\target\classes\com\vaadin\testbench\elements\PopupDateFieldElement.class</Jar>
    <Jar>C:\Users\kay\Desktop\SM\projects\framework-master\testbench-api\target\classes\com\vaadin\testbench\elements\PopupViewElement.class</Jar>
    <Jar>C:\Users\kay\Desktop\SM\projects\framework-master\testbench-api\target\classes\com\vaadin\testbench\elements\ProgressBarElement.class</Jar>
    <Jar>C:\Users\kay\Desktop\SM\projects\framework-master\testbench-api\target\classes\com\vaadin\testbench\elements\ProgressIndicatorElement.class</Jar>
    <Jar>C:\Users\kay\Desktop\SM\projects\framework-master\testbench-api\target\classes\com\vaadin\testbench\elements\RadioButtonGroupElement.class</Jar>
    <Jar>C:\Users\kay\Desktop\SM\projects\framework-master\testbench-api\target\classes\com\vaadin\testbench\elements\RichTextAreaElement.class</Jar>
    <Jar>C:\Users\kay\Desktop\SM\projects\framework-master\testbench-api\target\classes\com\vaadin\testbench\elements\SelectElement.class</Jar>
    <Jar>C:\Users\kay\Desktop\SM\projects\framework-master\testbench-api\target\classes\com\vaadin\testbench\elements\SliderElement.class</Jar>
    <Jar>C:\Users\kay\Desktop\SM\projects\framework-master\testbench-api\target\classes\com\vaadin\testbench\elements\TableElement$CollapseMenuElement.class</Jar>
    <Jar>C:\Users\kay\Desktop\SM\projects\framework-master\testbench-api\target\classes\com\vaadin\testbench\elements\TableElement$ContextMenuElement.class</Jar>
    <Jar>C:\Users\kay\Desktop\SM\projects\framework-master\testbench-api\target\classes\com\vaadin\testbench\elements\TableElement.class</Jar>
    <Jar>C:\Users\kay\Desktop\SM\projects\framework-master\testbench-api\target\classes\com\vaadin\testbench\elements\TableHeaderElement.class</Jar>
    <Jar>C:\Users\kay\Desktop\SM\projects\framework-master\testbench-api\target\classes\com\vaadin\testbench\elements\TableRowElement.class</Jar>
    <Jar>C:\Users\kay\Desktop\SM\projects\framework-master\testbench-api\target\classes\com\vaadin\testbench\elements\TabSheetElement.class</Jar>
    <Jar>C:\Users\kay\Desktop\SM\projects\framework-master\testbench-api\target\classes\com\vaadin\testbench\elements\TextAreaElement.class</Jar>
    <Jar>C:\Users\kay\Desktop\SM\projects\framework-master\testbench-api\target\classes\com\vaadin\testbench\elements\TextFieldElement.class</Jar>
    <Jar>C:\Users\kay\Desktop\SM\projects\framework-master\testbench-api\target\classes\com\vaadin\testbench\elements\TreeElement.class</Jar>
    <Jar>C:\Users\kay\Desktop\SM\projects\framework-master\testbench-api\target\classes\com\vaadin\testbench\elements\TreeGridElement.class</Jar>
    <Jar>C:\Users\kay\Desktop\SM\projects\framework-master\testbench-api\target\classes\com\vaadin\testbench\elements\TreeTableElement.class</Jar>
    <Jar>C:\Users\kay\Desktop\SM\projects\framework-master\testbench-api\target\classes\com\vaadin\testbench\elements\TreeTableRowElement.class</Jar>
    <Jar>C:\Users\kay\Desktop\SM\projects\framework-master\testbench-api\target\classes\com\vaadin\testbench\elements\TwinColSelectElement.class</Jar>
    <Jar>C:\Users\kay\Desktop\SM\projects\framework-master\testbench-api\target\classes\com\vaadin\testbench\elements\UIElement.class</Jar>
    <Jar>C:\Users\kay\Desktop\SM\projects\framework-master\testbench-api\target\classes\com\vaadin\testbench\elements\UploadElement.class</Jar>
    <Jar>C:\Users\kay\Desktop\SM\projects\framework-master\testbench-api\target\classes\com\vaadin\testbench\elements\VerticalLayoutElement.class</Jar>
    <Jar>C:\Users\kay\Desktop\SM\projects\framework-master\testbench-api\target\classes\com\vaadin\testbench\elements\VerticalSplitPanelElement.class</Jar>
    <Jar>C:\Users\kay\Desktop\SM\projects\framework-master\testbench-api\target\classes\com\vaadin\testbench\elements\VideoElement.class</Jar>
    <Jar>C:\Users\kay\Desktop\SM\projects\framework-master\testbench-api\target\classes\com\vaadin\testbench\elements\WindowElement.class</Jar>
    <Jar>C:\Users\kay\Desktop\SM\projects\framework-master\testbench-api\target\classes\com\vaadin\testbench\exceptions\NoSuchColumnException.class</Jar>
    <Jar>C:\Users\kay\Desktop\SM\projects\framework-master\testbench-api\target\classes\com\vaadin\v7\testbench\elements\TreeElement.class</Jar>
    <AuxClasspathEntry>C:/Users/kay/Desktop/SM/projects/framework-master/testbench-api/target/classes</AuxClasspathEntry>
    <AuxClasspathEntry>C:/Users/kay/Desktop/SM/projects/framework-master/testbench-api/target/test-classes</AuxClasspathEntry>
    <SrcDir>C:/Users/kay/Desktop/SM/projects/framework-master/testbench-api/src/main/java</SrcDir>
  </Project>
  <BugInstance type="SIC_INNER_SHOULD_BE_STATIC" priority="2" rank="18" abbrev="SIC" category="PERFORMANCE" instanceHash="414e896a1f02638e6445301f138e9151" instanceOccurrenceNum="0" instanceOccurrenceMax="0">
    <ShortMessage>Should be a static inner class</ShortMessage>
    <LongMessage>Should com.vaadin.testbench.elements.AbstractComponentElement$ReadOnlyException be a _static_ inner class?</LongMessage>
    <Class classname="com.vaadin.testbench.elements.AbstractComponentElement$ReadOnlyException" primary="true">
      <SourceLine classname="com.vaadin.testbench.elements.AbstractComponentElement$ReadOnlyException" start="83" end="83" sourcefile="AbstractComponentElement.java" sourcepath="com/vaadin/testbench/elements/AbstractComponentElement.java" relSourcepath="com\vaadin\testbench\elements\AbstractComponentElement.java">
        <Message>At AbstractComponentElement.java:[line 83]</Message>
      </SourceLine>
      <Message>In class com.vaadin.testbench.elements.AbstractComponentElement$ReadOnlyException</Message>
    </Class>
    <SourceLine classname="com.vaadin.testbench.elements.AbstractComponentElement$ReadOnlyException" start="83" end="83" sourcefile="AbstractComponentElement.java" sourcepath="com/vaadin/testbench/elements/AbstractComponentElement.java" relSourcepath="com\vaadin\testbench\elements\AbstractComponentElement.java" synthetic="true">
      <Message>At AbstractComponentElement.java:[line 83]</Message>
    </SourceLine>
  </BugInstance>
  <BugCategory category="PERFORMANCE">
    <Description>Performance</Description>
  </BugCategory>
  <BugPattern type="SIC_INNER_SHOULD_BE_STATIC" abbrev="SIC" category="PERFORMANCE">
    <ShortDescription>Should be a static inner class</ShortDescription>
    <Details><![CDATA[

  <p> This class is an inner class, but does not use its embedded reference
  to the object which created it.&nbsp; This reference makes the instances
  of the class larger, and may keep the reference to the creator object
  alive longer than necessary.&nbsp; If possible, the class should be
   made static.
</p>

    ]]></Details>
  </BugPattern>
  <BugCode abbrev="SIC">
    <Description>Inner class could be made static</Description>
  </BugCode>
  <Errors errors="0" missingClasses="0"></Errors>
  <FindBugsSummary timestamp="Tue, 19 Mar 2019 18:49:42 -0700" total_classes="90" referenced_classes="153" total_bugs="1" total_size="1488" num_packages="3" java_version="1.8.0_152-release" vm_version="25.152-b28" cpu_seconds="85.77" clock_seconds="165.32" peak_mbytes="1094.12" alloc_mbytes="725.00" gc_seconds="1.87" priority_2="1">
    <FileStats path="com/vaadin/testbench/elements/AbsoluteLayoutElement.java" bugCount="0" size="3"/>
    <FileStats path="com/vaadin/testbench/elements/AbstractColorPickerElement.java" bugCount="0" size="3"/>
    <FileStats path="com/vaadin/testbench/elements/AbstractComponentContainerElement.java" bugCount="0" size="3"/>
    <FileStats path="com/vaadin/testbench/elements/AbstractComponentElement.java" bugCount="1" size="35" bugHash="77dad54910eb792e13670ce85e3d64c0"/>
    <FileStats path="com/vaadin/testbench/elements/AbstractDateFieldElement.java" bugCount="0" size="9"/>
    <FileStats path="com/vaadin/testbench/elements/AbstractEmbeddedElement.java" bugCount="0" size="3"/>
    <FileStats path="com/vaadin/testbench/elements/AbstractFieldElement.java" bugCount="0" size="13"/>
    <FileStats path="com/vaadin/testbench/elements/AbstractJavaScriptComponentElement.java" bugCount="0" size="3"/>
    <FileStats path="com/vaadin/testbench/elements/AbstractLayoutElement.java" bugCount="0" size="3"/>
    <FileStats path="com/vaadin/testbench/elements/AbstractMediaElement.java" bugCount="0" size="3"/>
    <FileStats path="com/vaadin/testbench/elements/AbstractOrderedLayoutElement.java" bugCount="0" size="3"/>
    <FileStats path="com/vaadin/testbench/elements/AbstractSelectElement.java" bugCount="0" size="6"/>
    <FileStats path="com/vaadin/testbench/elements/AbstractSingleComponentContainerElement.java" bugCount="0" size="3"/>
    <FileStats path="com/vaadin/testbench/elements/AbstractSingleSelectElement.java" bugCount="0" size="5"/>
    <FileStats path="com/vaadin/testbench/elements/AbstractSplitPanelElement.java" bugCount="0" size="25"/>
    <FileStats path="com/vaadin/testbench/elements/AbstractTextFieldElement.java" bugCount="0" size="13"/>
    <FileStats path="com/vaadin/testbench/elements/AccordionElement.java" bugCount="0" size="5"/>
    <FileStats path="com/vaadin/testbench/elements/AudioElement.java" bugCount="0" size="3"/>
    <FileStats path="com/vaadin/testbench/elements/BrowserFrameElement.java" bugCount="0" size="3"/>
    <FileStats path="com/vaadin/testbench/elements/ButtonElement.java" bugCount="0" size="22"/>
    <FileStats path="com/vaadin/testbench/elements/CalendarElement.java" bugCount="0" size="27"/>
    <FileStats path="com/vaadin/testbench/elements/CheckBoxElement.java" bugCount="0" size="29"/>
    <FileStats path="com/vaadin/testbench/elements/CheckBoxGroupElement.java" bugCount="0" size="54"/>
    <FileStats path="com/vaadin/testbench/elements/ColorPickerAreaElement.java" bugCount="0" size="3"/>
    <FileStats path="com/vaadin/testbench/elements/ColorPickerElement.java" bugCount="0" size="6"/>
    <FileStats path="com/vaadin/testbench/elements/ColorPickerPreviewElement.java" bugCount="0" size="16"/>
    <FileStats path="com/vaadin/testbench/elements/ComboBoxElement.java" bugCount="0" size="104"/>
    <FileStats path="com/vaadin/testbench/elements/CssLayoutElement.java" bugCount="0" size="3"/>
    <FileStats path="com/vaadin/testbench/elements/CustomComponentElement.java" bugCount="0" size="3"/>
    <FileStats path="com/vaadin/testbench/elements/CustomFieldElement.java" bugCount="0" size="3"/>
    <FileStats path="com/vaadin/testbench/elements/CustomLayoutElement.java" bugCount="0" size="3"/>
    <FileStats path="com/vaadin/testbench/elements/DateFieldElement.java" bugCount="0" size="32"/>
    <FileStats path="com/vaadin/testbench/elements/DateTimeFieldElement.java" bugCount="0" size="27"/>
    <FileStats path="com/vaadin/testbench/elements/EmbeddedElement.java" bugCount="0" size="3"/>
    <FileStats path="com/vaadin/testbench/elements/FlashElement.java" bugCount="0" size="3"/>
    <FileStats path="com/vaadin/testbench/elements/FormElement.java" bugCount="0" size="3"/>
    <FileStats path="com/vaadin/testbench/elements/FormLayoutElement.java" bugCount="0" size="3"/>
    <FileStats path="com/vaadin/testbench/elements/GridElement.java" bugCount="0" size="184"/>
    <FileStats path="com/vaadin/testbench/elements/GridLayoutElement.java" bugCount="0" size="20"/>
    <FileStats path="com/vaadin/testbench/elements/HorizontalLayoutElement.java" bugCount="0" size="3"/>
    <FileStats path="com/vaadin/testbench/elements/HorizontalSplitPanelElement.java" bugCount="0" size="8"/>
    <FileStats path="com/vaadin/testbench/elements/ImageElement.java" bugCount="0" size="3"/>
    <FileStats path="com/vaadin/testbench/elements/InlineDateFieldElement.java" bugCount="0" size="5"/>
    <FileStats path="com/vaadin/testbench/elements/InlineDateTimeFieldElement.java" bugCount="0" size="3"/>
    <FileStats path="com/vaadin/testbench/elements/LabelElement.java" bugCount="0" size="3"/>
    <FileStats path="com/vaadin/testbench/elements/LegacyWindowElement.java" bugCount="0" size="3"/>
    <FileStats path="com/vaadin/testbench/elements/LinkElement.java" bugCount="0" size="10"/>
    <FileStats path="com/vaadin/testbench/elements/ListSelectElement.java" bugCount="0" size="45"/>
    <FileStats path="com/vaadin/testbench/elements/LoginFormElement.java" bugCount="0" size="3"/>
    <FileStats path="com/vaadin/testbench/elements/MenuBarElement.java" bugCount="0" size="70"/>
    <FileStats path="com/vaadin/testbench/elements/NativeButtonElement.java" bugCount="0" size="3"/>
    <FileStats path="com/vaadin/testbench/elements/NativeSelectElement.java" bugCount="0" size="28"/>
    <FileStats path="com/vaadin/testbench/elements/NotificationElement.java" bugCount="0" size="33"/>
    <FileStats path="com/vaadin/testbench/elements/OptionGroupElement.java" bugCount="0" size="44"/>
    <FileStats path="com/vaadin/testbench/elements/PanelElement.java" bugCount="0" size="11"/>
    <FileStats path="com/vaadin/testbench/elements/PasswordFieldElement.java" bugCount="0" size="5"/>
    <FileStats path="com/vaadin/testbench/elements/PopupDateFieldElement.java" bugCount="0" size="3"/>
    <FileStats path="com/vaadin/testbench/elements/PopupViewElement.java" bugCount="0" size="3"/>
    <FileStats path="com/vaadin/testbench/elements/ProgressBarElement.java" bugCount="0" size="10"/>
    <FileStats path="com/vaadin/testbench/elements/ProgressIndicatorElement.java" bugCount="0" size="3"/>
    <FileStats path="com/vaadin/testbench/elements/RadioButtonGroupElement.java" bugCount="0" size="46"/>
    <FileStats path="com/vaadin/testbench/elements/RichTextAreaElement.java" bugCount="0" size="22"/>
    <FileStats path="com/vaadin/testbench/elements/SelectElement.java" bugCount="0" size="3"/>
    <FileStats path="com/vaadin/testbench/elements/SliderElement.java" bugCount="0" size="8"/>
    <FileStats path="com/vaadin/testbench/elements/TabSheetElement.java" bugCount="0" size="79"/>
    <FileStats path="com/vaadin/testbench/elements/TableElement.java" bugCount="0" size="64"/>
    <FileStats path="com/vaadin/testbench/elements/TableHeaderElement.java" bugCount="0" size="9"/>
    <FileStats path="com/vaadin/testbench/elements/TableRowElement.java" bugCount="0" size="11"/>
    <FileStats path="com/vaadin/testbench/elements/TextAreaElement.java" bugCount="0" size="13"/>
    <FileStats path="com/vaadin/testbench/elements/TextFieldElement.java" bugCount="0" size="5"/>
    <FileStats path="com/vaadin/testbench/elements/TreeElement.java" bugCount="0" size="34"/>
    <FileStats path="com/vaadin/testbench/elements/TreeGridElement.java" bugCount="0" size="34"/>
    <FileStats path="com/vaadin/testbench/elements/TreeTableElement.java" bugCount="0" size="8"/>
    <FileStats path="com/vaadin/testbench/elements/TreeTableRowElement.java" bugCount="0" size="9"/>
    <FileStats path="com/vaadin/testbench/elements/TwinColSelectElement.java" bugCount="0" size="81"/>
    <FileStats path="com/vaadin/testbench/elements/UIElement.java" bugCount="0" size="3"/>
    <FileStats path="com/vaadin/testbench/elements/UploadElement.java" bugCount="0" size="3"/>
    <FileStats path="com/vaadin/testbench/elements/VerticalLayoutElement.java" bugCount="0" size="3"/>
    <FileStats path="com/vaadin/testbench/elements/VerticalSplitPanelElement.java" bugCount="0" size="8"/>
    <FileStats path="com/vaadin/testbench/elements/VideoElement.java" bugCount="0" size="3"/>
    <FileStats path="com/vaadin/testbench/elements/WindowElement.java" bugCount="0" size="39"/>
    <FileStats path="com/vaadin/testbench/exceptions/NoSuchColumnException.java" bugCount="0" size="3"/>
    <FileStats path="com/vaadin/v7/testbench/elements/TreeElement.java" bugCount="0" size="9"/>
    <PackageStats package="com.vaadin.testbench.elements" total_bugs="1" total_types="88" total_size="1476" priority_2="1">
      <ClassStats class="com.vaadin.testbench.elements.AbsoluteLayoutElement" sourceFile="AbsoluteLayoutElement.java" interface="false" size="3" bugs="0"/>
      <ClassStats class="com.vaadin.testbench.elements.AbstractColorPickerElement" sourceFile="AbstractColorPickerElement.java" interface="false" size="3" bugs="0"/>
      <ClassStats class="com.vaadin.testbench.elements.AbstractComponentContainerElement" sourceFile="AbstractComponentContainerElement.java" interface="false" size="3" bugs="0"/>
      <ClassStats class="com.vaadin.testbench.elements.AbstractComponentElement" sourceFile="AbstractComponentElement.java" interface="false" size="31" bugs="0"/>
      <ClassStats class="com.vaadin.testbench.elements.AbstractComponentElement$ReadOnlyException" sourceFile="AbstractComponentElement.java" interface="false" size="4" bugs="1" priority_2="1"/>
      <ClassStats class="com.vaadin.testbench.elements.AbstractDateFieldElement" sourceFile="AbstractDateFieldElement.java" interface="false" size="9" bugs="0"/>
      <ClassStats class="com.vaadin.testbench.elements.AbstractEmbeddedElement" sourceFile="AbstractEmbeddedElement.java" interface="false" size="3" bugs="0"/>
      <ClassStats class="com.vaadin.testbench.elements.AbstractFieldElement" sourceFile="AbstractFieldElement.java" interface="false" size="13" bugs="0"/>
      <ClassStats class="com.vaadin.testbench.elements.AbstractJavaScriptComponentElement" sourceFile="AbstractJavaScriptComponentElement.java" interface="false" size="3" bugs="0"/>
      <ClassStats class="com.vaadin.testbench.elements.AbstractLayoutElement" sourceFile="AbstractLayoutElement.java" interface="false" size="3" bugs="0"/>
      <ClassStats class="com.vaadin.testbench.elements.AbstractMediaElement" sourceFile="AbstractMediaElement.java" interface="false" size="3" bugs="0"/>
      <ClassStats class="com.vaadin.testbench.elements.AbstractOrderedLayoutElement" sourceFile="AbstractOrderedLayoutElement.java" interface="false" size="3" bugs="0"/>
      <ClassStats class="com.vaadin.testbench.elements.AbstractSelectElement" sourceFile="AbstractSelectElement.java" interface="false" size="6" bugs="0"/>
      <ClassStats class="com.vaadin.testbench.elements.AbstractSingleComponentContainerElement" sourceFile="AbstractSingleComponentContainerElement.java" interface="false" size="3" bugs="0"/>
      <ClassStats class="com.vaadin.testbench.elements.AbstractSingleSelectElement" sourceFile="AbstractSingleSelectElement.java" interface="false" size="5" bugs="0"/>
      <ClassStats class="com.vaadin.testbench.elements.AbstractSplitPanelElement" sourceFile="AbstractSplitPanelElement.java" interface="false" size="25" bugs="0"/>
      <ClassStats class="com.vaadin.testbench.elements.AbstractTextFieldElement" sourceFile="AbstractTextFieldElement.java" interface="false" size="13" bugs="0"/>
      <ClassStats class="com.vaadin.testbench.elements.AccordionElement" sourceFile="AccordionElement.java" interface="false" size="5" bugs="0"/>
      <ClassStats class="com.vaadin.testbench.elements.AudioElement" sourceFile="AudioElement.java" interface="false" size="3" bugs="0"/>
      <ClassStats class="com.vaadin.testbench.elements.BrowserFrameElement" sourceFile="BrowserFrameElement.java" interface="false" size="3" bugs="0"/>
      <ClassStats class="com.vaadin.testbench.elements.ButtonElement" sourceFile="ButtonElement.java" interface="false" size="22" bugs="0"/>
      <ClassStats class="com.vaadin.testbench.elements.CalendarElement" sourceFile="CalendarElement.java" interface="false" size="27" bugs="0"/>
      <ClassStats class="com.vaadin.testbench.elements.CheckBoxElement" sourceFile="CheckBoxElement.java" interface="false" size="29" bugs="0"/>
      <ClassStats class="com.vaadin.testbench.elements.CheckBoxGroupElement" sourceFile="CheckBoxGroupElement.java" interface="false" size="54" bugs="0"/>
      <ClassStats class="com.vaadin.testbench.elements.ColorPickerAreaElement" sourceFile="ColorPickerAreaElement.java" interface="false" size="3" bugs="0"/>
      <ClassStats class="com.vaadin.testbench.elements.ColorPickerElement" sourceFile="ColorPickerElement.java" interface="false" size="6" bugs="0"/>
      <ClassStats class="com.vaadin.testbench.elements.ColorPickerPreviewElement" sourceFile="ColorPickerPreviewElement.java" interface="false" size="16" bugs="0"/>
      <ClassStats class="com.vaadin.testbench.elements.ComboBoxElement" sourceFile="ComboBoxElement.java" interface="false" size="104" bugs="0"/>
      <ClassStats class="com.vaadin.testbench.elements.CssLayoutElement" sourceFile="CssLayoutElement.java" interface="false" size="3" bugs="0"/>
      <ClassStats class="com.vaadin.testbench.elements.CustomComponentElement" sourceFile="CustomComponentElement.java" interface="false" size="3" bugs="0"/>
      <ClassStats class="com.vaadin.testbench.elements.CustomFieldElement" sourceFile="CustomFieldElement.java" interface="false" size="3" bugs="0"/>
      <ClassStats class="com.vaadin.testbench.elements.CustomLayoutElement" sourceFile="CustomLayoutElement.java" interface="false" size="3" bugs="0"/>
      <ClassStats class="com.vaadin.testbench.elements.DateFieldElement" sourceFile="DateFieldElement.java" interface="false" size="32" bugs="0"/>
      <ClassStats class="com.vaadin.testbench.elements.DateTimeFieldElement" sourceFile="DateTimeFieldElement.java" interface="false" size="27" bugs="0"/>
      <ClassStats class="com.vaadin.testbench.elements.EmbeddedElement" sourceFile="EmbeddedElement.java" interface="false" size="3" bugs="0"/>
      <ClassStats class="com.vaadin.testbench.elements.FlashElement" sourceFile="FlashElement.java" interface="false" size="3" bugs="0"/>
      <ClassStats class="com.vaadin.testbench.elements.FormElement" sourceFile="FormElement.java" interface="false" size="3" bugs="0"/>
      <ClassStats class="com.vaadin.testbench.elements.FormLayoutElement" sourceFile="FormLayoutElement.java" interface="false" size="3" bugs="0"/>
      <ClassStats class="com.vaadin.testbench.elements.GridElement" sourceFile="GridElement.java" interface="false" size="117" bugs="0"/>
      <ClassStats class="com.vaadin.testbench.elements.GridElement$1" sourceFile="GridElement.java" interface="false" size="16" bugs="0"/>
      <ClassStats class="com.vaadin.testbench.elements.GridElement$GridCellElement" sourceFile="GridElement.java" interface="false" size="9" bugs="0"/>
      <ClassStats class="com.vaadin.testbench.elements.GridElement$GridEditorElement" sourceFile="GridElement.java" interface="false" size="29" bugs="0"/>
      <ClassStats class="com.vaadin.testbench.elements.GridElement$GridRowElement" sourceFile="GridElement.java" interface="false" size="13" bugs="0"/>
      <ClassStats class="com.vaadin.testbench.elements.GridLayoutElement" sourceFile="GridLayoutElement.java" interface="false" size="20" bugs="0"/>
      <ClassStats class="com.vaadin.testbench.elements.HorizontalLayoutElement" sourceFile="HorizontalLayoutElement.java" interface="false" size="3" bugs="0"/>
      <ClassStats class="com.vaadin.testbench.elements.HorizontalSplitPanelElement" sourceFile="HorizontalSplitPanelElement.java" interface="false" size="8" bugs="0"/>
      <ClassStats class="com.vaadin.testbench.elements.ImageElement" sourceFile="ImageElement.java" interface="false" size="3" bugs="0"/>
      <ClassStats class="com.vaadin.testbench.elements.InlineDateFieldElement" sourceFile="InlineDateFieldElement.java" interface="false" size="5" bugs="0"/>
      <ClassStats class="com.vaadin.testbench.elements.InlineDateTimeFieldElement" sourceFile="InlineDateTimeFieldElement.java" interface="false" size="3" bugs="0"/>
      <ClassStats class="com.vaadin.testbench.elements.LabelElement" sourceFile="LabelElement.java" interface="false" size="3" bugs="0"/>
      <ClassStats class="com.vaadin.testbench.elements.LegacyWindowElement" sourceFile="LegacyWindowElement.java" interface="false" size="3" bugs="0"/>
      <ClassStats class="com.vaadin.testbench.elements.LinkElement" sourceFile="LinkElement.java" interface="false" size="10" bugs="0"/>
      <ClassStats class="com.vaadin.testbench.elements.ListSelectElement" sourceFile="ListSelectElement.java" interface="false" size="45" bugs="0"/>
      <ClassStats class="com.vaadin.testbench.elements.LoginFormElement" sourceFile="LoginFormElement.java" interface="false" size="3" bugs="0"/>
      <ClassStats class="com.vaadin.testbench.elements.MenuBarElement" sourceFile="MenuBarElement.java" interface="false" size="70" bugs="0"/>
      <ClassStats class="com.vaadin.testbench.elements.NativeButtonElement" sourceFile="NativeButtonElement.java" interface="false" size="3" bugs="0"/>
      <ClassStats class="com.vaadin.testbench.elements.NativeSelectElement" sourceFile="NativeSelectElement.java" interface="false" size="28" bugs="0"/>
      <ClassStats class="com.vaadin.testbench.elements.NotificationElement" sourceFile="NotificationElement.java" interface="false" size="33" bugs="0"/>
      <ClassStats class="com.vaadin.testbench.elements.OptionGroupElement" sourceFile="OptionGroupElement.java" interface="false" size="44" bugs="0"/>
      <ClassStats class="com.vaadin.testbench.elements.PanelElement" sourceFile="PanelElement.java" interface="false" size="11" bugs="0"/>
      <ClassStats class="com.vaadin.testbench.elements.PasswordFieldElement" sourceFile="PasswordFieldElement.java" interface="false" size="5" bugs="0"/>
      <ClassStats class="com.vaadin.testbench.elements.PopupDateFieldElement" sourceFile="PopupDateFieldElement.java" interface="false" size="3" bugs="0"/>
      <ClassStats class="com.vaadin.testbench.elements.PopupViewElement" sourceFile="PopupViewElement.java" interface="false" size="3" bugs="0"/>
      <ClassStats class="com.vaadin.testbench.elements.ProgressBarElement" sourceFile="ProgressBarElement.java" interface="false" size="10" bugs="0"/>
      <ClassStats class="com.vaadin.testbench.elements.ProgressIndicatorElement" sourceFile="ProgressIndicatorElement.java" interface="false" size="3" bugs="0"/>
      <ClassStats class="com.vaadin.testbench.elements.RadioButtonGroupElement" sourceFile="RadioButtonGroupElement.java" interface="false" size="46" bugs="0"/>
      <ClassStats class="com.vaadin.testbench.elements.RichTextAreaElement" sourceFile="RichTextAreaElement.java" interface="false" size="22" bugs="0"/>
      <ClassStats class="com.vaadin.testbench.elements.SelectElement" sourceFile="SelectElement.java" interface="false" size="3" bugs="0"/>
      <ClassStats class="com.vaadin.testbench.elements.SliderElement" sourceFile="SliderElement.java" interface="false" size="8" bugs="0"/>
      <ClassStats class="com.vaadin.testbench.elements.TabSheetElement" sourceFile="TabSheetElement.java" interface="false" size="79" bugs="0"/>
      <ClassStats class="com.vaadin.testbench.elements.TableElement" sourceFile="TableElement.java" interface="false" size="55" bugs="0"/>
      <ClassStats class="com.vaadin.testbench.elements.TableElement$CollapseMenuElement" sourceFile="TableElement.java" interface="false" size="3" bugs="0"/>
      <ClassStats class="com.vaadin.testbench.elements.TableElement$ContextMenuElement" sourceFile="TableElement.java" interface="false" size="6" bugs="0"/>
      <ClassStats class="com.vaadin.testbench.elements.TableHeaderElement" sourceFile="TableHeaderElement.java" interface="false" size="9" bugs="0"/>
      <ClassStats class="com.vaadin.testbench.elements.TableRowElement" sourceFile="TableRowElement.java" interface="false" size="11" bugs="0"/>
      <ClassStats class="com.vaadin.testbench.elements.TextAreaElement" sourceFile="TextAreaElement.java" interface="false" size="13" bugs="0"/>
      <ClassStats class="com.vaadin.testbench.elements.TextFieldElement" sourceFile="TextFieldElement.java" interface="false" size="5" bugs="0"/>
      <ClassStats class="com.vaadin.testbench.elements.TreeElement" sourceFile="TreeElement.java" interface="false" size="34" bugs="0"/>
      <ClassStats class="com.vaadin.testbench.elements.TreeGridElement" sourceFile="TreeGridElement.java" interface="false" size="34" bugs="0"/>
      <ClassStats class="com.vaadin.testbench.elements.TreeTableElement" sourceFile="TreeTableElement.java" interface="false" size="8" bugs="0"/>
      <ClassStats class="com.vaadin.testbench.elements.TreeTableRowElement" sourceFile="TreeTableRowElement.java" interface="false" size="9" bugs="0"/>
      <ClassStats class="com.vaadin.testbench.elements.TwinColSelectElement" sourceFile="TwinColSelectElement.java" interface="false" size="81" bugs="0"/>
      <ClassStats class="com.vaadin.testbench.elements.UIElement" sourceFile="UIElement.java" interface="false" size="3" bugs="0"/>
      <ClassStats class="com.vaadin.testbench.elements.UploadElement" sourceFile="UploadElement.java" interface="false" size="3" bugs="0"/>
      <ClassStats class="com.vaadin.testbench.elements.VerticalLayoutElement" sourceFile="VerticalLayoutElement.java" interface="false" size="3" bugs="0"/>
      <ClassStats class="com.vaadin.testbench.elements.VerticalSplitPanelElement" sourceFile="VerticalSplitPanelElement.java" interface="false" size="8" bugs="0"/>
      <ClassStats class="com.vaadin.testbench.elements.VideoElement" sourceFile="VideoElement.java" interface="false" size="3" bugs="0"/>
      <ClassStats class="com.vaadin.testbench.elements.WindowElement" sourceFile="WindowElement.java" interface="false" size="39" bugs="0"/>
    </PackageStats>
    <PackageStats package="com.vaadin.testbench.exceptions" total_bugs="0" total_types="1" total_size="3">
      <ClassStats class="com.vaadin.testbench.exceptions.NoSuchColumnException" sourceFile="NoSuchColumnException.java" interface="false" size="3" bugs="0"/>
    </PackageStats>
    <PackageStats package="com.vaadin.v7.testbench.elements" total_bugs="0" total_types="1" total_size="9">
      <ClassStats class="com.vaadin.v7.testbench.elements.TreeElement" sourceFile="TreeElement.java" interface="false" size="9" bugs="0"/>
    </PackageStats>
    <FindBugsProfile>
      <ClassProfile name="edu.umd.cs.findbugs.FindBugs2" totalMilliseconds="215" invocations="2" avgMicrosecondsPerInvocation="107830" maxMicrosecondsPerInvocation="198672" standardDeviationMircosecondsPerInvocation="90841"/>
      <ClassProfile name="edu.umd.cs.findbugs.classfile.engine.ClassInfoAnalysisEngine" totalMilliseconds="164" invocations="781" avgMicrosecondsPerInvocation="210" maxMicrosecondsPerInvocation="13365" standardDeviationMircosecondsPerInvocation="947"/>
      <ClassProfile name="edu.umd.cs.findbugs.classfile.engine.ClassDataAnalysisEngine" totalMilliseconds="77" invocations="783" avgMicrosecondsPerInvocation="99" maxMicrosecondsPerInvocation="6425" standardDeviationMircosecondsPerInvocation="234"/>
      <ClassProfile name="edu.umd.cs.findbugs.classfile.engine.bcel.IsNullValueDataflowFactory" totalMilliseconds="37" invocations="356" avgMicrosecondsPerInvocation="105" maxMicrosecondsPerInvocation="11000" standardDeviationMircosecondsPerInvocation="584"/>
      <ClassProfile name="edu.umd.cs.findbugs.detect.FieldItemSummary" totalMilliseconds="35" invocations="153" avgMicrosecondsPerInvocation="234" maxMicrosecondsPerInvocation="3455" standardDeviationMircosecondsPerInvocation="498"/>
      <ClassProfile name="edu.umd.cs.findbugs.detect.FindNoSideEffectMethods" totalMilliseconds="31" invocations="153" avgMicrosecondsPerInvocation="207" maxMicrosecondsPerInvocation="2708" standardDeviationMircosecondsPerInvocation="426"/>
      <ClassProfile name="edu.umd.cs.findbugs.detect.FindOpenStream" totalMilliseconds="31" invocations="90" avgMicrosecondsPerInvocation="346" maxMicrosecondsPerInvocation="23441" standardDeviationMircosecondsPerInvocation="2508"/>
      <ClassProfile name="edu.umd.cs.findbugs.classfile.engine.bcel.UnconditionalValueDerefDataflowFactory" totalMilliseconds="29" invocations="354" avgMicrosecondsPerInvocation="84" maxMicrosecondsPerInvocation="7868" standardDeviationMircosecondsPerInvocation="422"/>
      <ClassProfile name="edu.umd.cs.findbugs.classfile.engine.bcel.TypeDataflowFactory" totalMilliseconds="29" invocations="356" avgMicrosecondsPerInvocation="83" maxMicrosecondsPerInvocation="6417" standardDeviationMircosecondsPerInvocation="345"/>
      <ClassProfile name="edu.umd.cs.findbugs.OpcodeStack$JumpInfoFactory" totalMilliseconds="23" invocations="621" avgMicrosecondsPerInvocation="38" maxMicrosecondsPerInvocation="1799" standardDeviationMircosecondsPerInvocation="86"/>
      <ClassProfile name="edu.umd.cs.findbugs.ba.npe.NullDerefAndRedundantComparisonFinder" totalMilliseconds="21" invocations="354" avgMicrosecondsPerInvocation="60" maxMicrosecondsPerInvocation="448" standardDeviationMircosecondsPerInvocation="69"/>
      <ClassProfile name="edu.umd.cs.findbugs.detect.FindRefComparison$SpecialTypeAnalysis" totalMilliseconds="20" invocations="348" avgMicrosecondsPerInvocation="57" maxMicrosecondsPerInvocation="738" standardDeviationMircosecondsPerInvocation="82"/>
      <ClassProfile name="edu.umd.cs.findbugs.classfile.engine.bcel.CFGFactory" totalMilliseconds="17" invocations="356" avgMicrosecondsPerInvocation="48" maxMicrosecondsPerInvocation="402" standardDeviationMircosecondsPerInvocation="39"/>
      <ClassProfile name="edu.umd.cs.findbugs.classfile.engine.bcel.ValueNumberDataflowFactory" totalMilliseconds="15" invocations="370" avgMicrosecondsPerInvocation="41" maxMicrosecondsPerInvocation="433" standardDeviationMircosecondsPerInvocation="54"/>
      <ClassProfile name="edu.umd.cs.findbugs.detect.FindNullDeref" totalMilliseconds="14" invocations="90" avgMicrosecondsPerInvocation="158" maxMicrosecondsPerInvocation="10942" standardDeviationMircosecondsPerInvocation="1143"/>
      <ClassProfile name="edu.umd.cs.findbugs.detect.CalledMethods" totalMilliseconds="12" invocations="153" avgMicrosecondsPerInvocation="82" maxMicrosecondsPerInvocation="684" standardDeviationMircosecondsPerInvocation="122"/>
    </FindBugsProfile>
  </FindBugsSummary>
  <ClassFeatures></ClassFeatures>
  <History></History>
</BugCollection>
