<?xml version="1.0" encoding="UTF-8"?>
<?xml-stylesheet type="text/xsl" href="http://findbugs.sourceforge.net/xsl/default.xsl"?>

<BugCollection version="3.0.1" sequence="0" timestamp="1553142319645" analysisTimestamp="1553142314313" release="">
  <Project projectName="jung-parent[jung-api]">
    <Jar>C:\Users\kay\IdeaProjects\jung\jung-api\target\classes\edu\uci\ics\jung\graph\BaseTree.class</Jar>
    <Jar>C:\Users\kay\IdeaProjects\jung\jung-api\target\classes\edu\uci\ics\jung\graph\CTree.class</Jar>
    <Jar>C:\Users\kay\IdeaProjects\jung\jung-api\target\classes\edu\uci\ics\jung\graph\CTreeNetwork.class</Jar>
    <Jar>C:\Users\kay\IdeaProjects\jung\jung-api\target\classes\edu\uci\ics\jung\graph\DelegateCTree.class</Jar>
    <Jar>C:\Users\kay\IdeaProjects\jung\jung-api\target\classes\edu\uci\ics\jung\graph\DelegateCTreeNetwork.class</Jar>
    <Jar>C:\Users\kay\IdeaProjects\jung\jung-api\target\classes\edu\uci\ics\jung\graph\event\NetworkEvent$Edge.class</Jar>
    <Jar>C:\Users\kay\IdeaProjects\jung\jung-api\target\classes\edu\uci\ics\jung\graph\event\NetworkEvent$Node.class</Jar>
    <Jar>C:\Users\kay\IdeaProjects\jung\jung-api\target\classes\edu\uci\ics\jung\graph\event\NetworkEvent$Type.class</Jar>
    <Jar>C:\Users\kay\IdeaProjects\jung\jung-api\target\classes\edu\uci\ics\jung\graph\event\NetworkEvent.class</Jar>
    <Jar>C:\Users\kay\IdeaProjects\jung\jung-api\target\classes\edu\uci\ics\jung\graph\event\NetworkEventListener.class</Jar>
    <Jar>C:\Users\kay\IdeaProjects\jung\jung-api\target\classes\edu\uci\ics\jung\graph\GraphConstants.class</Jar>
    <Jar>C:\Users\kay\IdeaProjects\jung\jung-api\target\classes\edu\uci\ics\jung\graph\MutableCTree.class</Jar>
    <Jar>C:\Users\kay\IdeaProjects\jung\jung-api\target\classes\edu\uci\ics\jung\graph\MutableCTreeNetwork.class</Jar>
    <Jar>C:\Users\kay\IdeaProjects\jung\jung-api\target\classes\edu\uci\ics\jung\graph\ObservableNetwork.class</Jar>
    <Jar>C:\Users\kay\IdeaProjects\jung\jung-api\target\classes\edu\uci\ics\jung\graph\TreeBuilder.class</Jar>
    <Jar>C:\Users\kay\IdeaProjects\jung\jung-api\target\classes\edu\uci\ics\jung\graph\TreeNetworkBuilder.class</Jar>
    <Jar>C:\Users\kay\IdeaProjects\jung\jung-api\target\classes\edu\uci\ics\jung\graph\util\EdgeIndexFunction.class</Jar>
    <Jar>C:\Users\kay\IdeaProjects\jung\jung-api\target\classes\edu\uci\ics\jung\graph\util\Graphs$1.class</Jar>
    <Jar>C:\Users\kay\IdeaProjects\jung\jung-api\target\classes\edu\uci\ics\jung\graph\util\Graphs$SynchronizedNetwork.class</Jar>
    <Jar>C:\Users\kay\IdeaProjects\jung\jung-api\target\classes\edu\uci\ics\jung\graph\util\Graphs.class</Jar>
    <Jar>C:\Users\kay\IdeaProjects\jung\jung-api\target\classes\edu\uci\ics\jung\graph\util\ParallelEdgeIndexFunction.class</Jar>
    <Jar>C:\Users\kay\IdeaProjects\jung\jung-api\target\classes\edu\uci\ics\jung\graph\util\TreeUtils.class</Jar>
    <Jar>C:\Users\kay\IdeaProjects\jung\jung-api\target\test-classes\edu\uci\ics\jung\graph\AbstractCTreeTest.class</Jar>
    <Jar>C:\Users\kay\IdeaProjects\jung\jung-api\target\test-classes\edu\uci\ics\jung\graph\CTreeEquivalenceTest.class</Jar>
    <Jar>C:\Users\kay\IdeaProjects\jung\jung-api\target\test-classes\edu\uci\ics\jung\graph\CTreeMutationTest.class</Jar>
    <Jar>C:\Users\kay\IdeaProjects\jung\jung-api\target\test-classes\edu\uci\ics\jung\graph\CTreeTest.class</Jar>
    <Jar>C:\Users\kay\IdeaProjects\jung\jung-api\target\test-classes\edu\uci\ics\jung\graph\ElementOrderTest$ComparableSubClass.class</Jar>
    <Jar>C:\Users\kay\IdeaProjects\jung\jung-api\target\test-classes\edu\uci\ics\jung\graph\ElementOrderTest$NonComparableSuperClass.class</Jar>
    <Jar>C:\Users\kay\IdeaProjects\jung\jung-api\target\test-classes\edu\uci\ics\jung\graph\ElementOrderTest.class</Jar>
    <Jar>C:\Users\kay\IdeaProjects\jung\jung-api\target\test-classes\edu\uci\ics\jung\graph\PackageSanityTests.class</Jar>
    <Jar>C:\Users\kay\IdeaProjects\jung\jung-api\target\test-classes\edu\uci\ics\jung\graph\TestUtil.class</Jar>
    <Jar>C:\Users\kay\IdeaProjects\jung\jung-api\target\test-classes\edu\uci\ics\jung\graph\util\PackageSanityTests.class</Jar>
    <Jar>C:\Users\kay\IdeaProjects\jung\jung-api\target\test-classes\edu\uci\ics\jung\graph\util\TreeUtilsTest.class</Jar>
    <AuxClasspathEntry>C:/Users/kay/IdeaProjects/jung/jung-api/target/classes</AuxClasspathEntry>
    <AuxClasspathEntry>C:/Users/kay/IdeaProjects/jung/jung-api/target/test-classes</AuxClasspathEntry>
    <SrcDir>C:/Users/kay/IdeaProjects/jung/jung-api/src/main/java</SrcDir>
    <SrcDir>C:/Users/kay/IdeaProjects/jung/jung-api/src/test/java</SrcDir>
  </Project>
  <BugInstance type="DLS_DEAD_LOCAL_STORE" priority="2" rank="17" abbrev="DLS" category="STYLE" instanceHash="98761a1e316df14b871cca2089003536" instanceOccurrenceNum="0" instanceOccurrenceMax="0" cweid="563">
    <ShortMessage>Dead store to local variable</ShortMessage>
    <LongMessage>Dead store to unused in edu.uci.ics.jung.graph.AbstractCTreeTest.removeNode_queryAfterRemoval()</LongMessage>
    <Class classname="edu.uci.ics.jung.graph.AbstractCTreeTest" primary="true">
      <SourceLine classname="edu.uci.ics.jung.graph.AbstractCTreeTest" sourcefile="AbstractCTreeTest.java" sourcepath="edu/uci/ics/jung/graph/AbstractCTreeTest.java" relSourcepath="test\java\edu\uci\ics\jung\graph\AbstractCTreeTest.java">
        <Message>In AbstractCTreeTest.java</Message>
      </SourceLine>
      <Message>In class edu.uci.ics.jung.graph.AbstractCTreeTest</Message>
    </Class>
    <Method classname="edu.uci.ics.jung.graph.AbstractCTreeTest" name="removeNode_queryAfterRemoval" signature="()V" isStatic="false" primary="true">
      <SourceLine classname="edu.uci.ics.jung.graph.AbstractCTreeTest" start="572" end="582" startBytecode="0" endBytecode="27" sourcefile="AbstractCTreeTest.java" sourcepath="edu/uci/ics/jung/graph/AbstractCTreeTest.java" relSourcepath="test\java\edu\uci\ics\jung\graph\AbstractCTreeTest.java"/>
      <Message>In method edu.uci.ics.jung.graph.AbstractCTreeTest.removeNode_queryAfterRemoval()</Message>
    </Method>
    <LocalVariable name="unused" register="1" pc="21" role="LOCAL_VARIABLE_NAMED">
      <Message>Local variable named unused</Message>
    </LocalVariable>
    <SourceLine classname="edu.uci.ics.jung.graph.AbstractCTreeTest" primary="true" start="574" end="574" startBytecode="20" endBytecode="20" sourcefile="AbstractCTreeTest.java" sourcepath="edu/uci/ics/jung/graph/AbstractCTreeTest.java" relSourcepath="test\java\edu\uci\ics\jung\graph\AbstractCTreeTest.java">
      <Message>At AbstractCTreeTest.java:[line 574]</Message>
    </SourceLine>
    <SourceLine classname="edu.uci.ics.jung.graph.AbstractCTreeTest" primary="true" start="574" end="574" startBytecode="20" endBytecode="20" sourcefile="AbstractCTreeTest.java" sourcepath="edu/uci/ics/jung/graph/AbstractCTreeTest.java" relSourcepath="test\java\edu\uci\ics\jung\graph\AbstractCTreeTest.java">
      <Message>At AbstractCTreeTest.java:[line 574]</Message>
    </SourceLine>
    <Property name="edu.umd.cs.findbugs.detect.DeadLocalStoreProperty.LOCAL_NAME" value="unused"/>
    <Property name="edu.umd.cs.findbugs.detect.DeadLocalStoreProperty.METHOD_RESULT" value="true"/>
    <Property name="edu.umd.cs.findbugs.detect.DeadLocalStoreProperty.NO_LOADS" value="true"/>
  </BugInstance>
  <BugInstance type="EQ_COMPARETO_USE_OBJECT_EQUALS" priority="2" rank="16" abbrev="Eq" category="BAD_PRACTICE" instanceHash="a6230278bdf10a4c93bcf45fd2db498a" instanceOccurrenceNum="0" instanceOccurrenceMax="0">
    <ShortMessage>Class defines compareTo(...) and uses Object.equals()</ShortMessage>
    <LongMessage>edu.uci.ics.jung.graph.ElementOrderTest$ComparableSubClass defines compareTo(Object) and uses Object.equals()</LongMessage>
    <Class classname="edu.uci.ics.jung.graph.ElementOrderTest$ComparableSubClass" primary="true">
      <SourceLine classname="edu.uci.ics.jung.graph.ElementOrderTest$ComparableSubClass" sourcefile="ElementOrderTest.java" sourcepath="edu/uci/ics/jung/graph/ElementOrderTest.java" relSourcepath="test\java\edu\uci\ics\jung\graph\ElementOrderTest.java">
        <Message>In ElementOrderTest.java</Message>
      </SourceLine>
      <Message>In class edu.uci.ics.jung.graph.ElementOrderTest$ComparableSubClass</Message>
    </Class>
    <Method classname="edu.uci.ics.jung.graph.ElementOrderTest$ComparableSubClass" name="compareTo" signature="(Ljava/lang/Object;)I" isStatic="false" primary="true">
      <SourceLine classname="edu.uci.ics.jung.graph.ElementOrderTest$ComparableSubClass" start="138" end="138" startBytecode="0" endBytecode="50" sourcefile="ElementOrderTest.java" sourcepath="edu/uci/ics/jung/graph/ElementOrderTest.java" relSourcepath="test\java\edu\uci\ics\jung\graph\ElementOrderTest.java"/>
      <Message>In method edu.uci.ics.jung.graph.ElementOrderTest$ComparableSubClass.compareTo(Object)</Message>
    </Method>
    <SourceLine classname="edu.uci.ics.jung.graph.ElementOrderTest$ComparableSubClass" start="138" end="138" startBytecode="0" endBytecode="50" sourcefile="ElementOrderTest.java" sourcepath="edu/uci/ics/jung/graph/ElementOrderTest.java" relSourcepath="test\java\edu\uci\ics\jung\graph\ElementOrderTest.java" synthetic="true">
      <Message>At ElementOrderTest.java:[line 138]</Message>
    </SourceLine>
  </BugInstance>
  <BugCategory category="BAD_PRACTICE">
    <Description>Bad practice</Description>
  </BugCategory>
  <BugCategory category="STYLE">
    <Description>Dodgy code</Description>
  </BugCategory>
  <BugPattern type="EQ_COMPARETO_USE_OBJECT_EQUALS" abbrev="Eq" category="BAD_PRACTICE">
    <ShortDescription>Class defines compareTo(...) and uses Object.equals()</ShortDescription>
    <Details><![CDATA[

  <p> This class defines a <code>compareTo(...)</code> method but inherits its
  <code>equals()</code> method from <code>java.lang.Object</code>.
    Generally, the value of compareTo should return zero if and only if
    equals returns true. If this is violated, weird and unpredictable
    failures will occur in classes such as PriorityQueue.
    In Java 5 the PriorityQueue.remove method uses the compareTo method,
    while in Java 6 it uses the equals method.</p>

<p>From the JavaDoc for the compareTo method in the Comparable interface:
<blockquote>
It is strongly recommended, but not strictly required that <code>(x.compareTo(y)==0) == (x.equals(y))</code>.
Generally speaking, any class that implements the Comparable interface and violates this condition
should clearly indicate this fact. The recommended language
is "Note: this class has a natural ordering that is inconsistent with equals."
</blockquote></p>

    ]]></Details>
  </BugPattern>
  <BugPattern type="DLS_DEAD_LOCAL_STORE" abbrev="DLS" category="STYLE">
    <ShortDescription>Dead store to local variable</ShortDescription>
    <Details><![CDATA[

<p>
This instruction assigns a value to a local variable,
but the value is not read or used in any subsequent instruction.
Often, this indicates an error, because the value computed is never
used.
</p>
<p>
Note that Sun's javac compiler often generates dead stores for
final local variables.  Because FindBugs is a bytecode-based tool,
there is no easy way to eliminate these false positives.
</p>

    ]]></Details>
  </BugPattern>
  <BugCode abbrev="DLS" cweid="563">
    <Description>Dead local store</Description>
  </BugCode>
  <BugCode abbrev="Eq">
    <Description>Problems with implementation of equals()</Description>
  </BugCode>
  <Errors errors="0" missingClasses="0"></Errors>
  <FindBugsSummary timestamp="Wed, 20 Mar 2019 21:25:01 -0700" total_classes="33" referenced_classes="86" total_bugs="2" total_size="1573" num_packages="3" java_version="1.8.0_152-release" vm_version="25.152-b28" cpu_seconds="217.91" clock_seconds="476.47" peak_mbytes="654.25" alloc_mbytes="725.00" gc_seconds="3.93" priority_2="2">
    <FileStats path="edu/uci/ics/jung/graph/AbstractCTreeTest.java" bugCount="1" size="449" bugHash="49e3158dba643673edb75b2478d553f7"/>
    <FileStats path="edu/uci/ics/jung/graph/BaseTree.java" bugCount="0" size="5"/>
    <FileStats path="edu/uci/ics/jung/graph/CTree.java" bugCount="0" size="3"/>
    <FileStats path="edu/uci/ics/jung/graph/CTreeEquivalenceTest.java" bugCount="0" size="40"/>
    <FileStats path="edu/uci/ics/jung/graph/CTreeMutationTest.java" bugCount="0" size="121"/>
    <FileStats path="edu/uci/ics/jung/graph/CTreeNetwork.java" bugCount="0" size="5"/>
    <FileStats path="edu/uci/ics/jung/graph/CTreeTest.java" bugCount="0" size="42"/>
    <FileStats path="edu/uci/ics/jung/graph/DelegateCTree.java" bugCount="0" size="143"/>
    <FileStats path="edu/uci/ics/jung/graph/DelegateCTreeNetwork.java" bugCount="0" size="174"/>
    <FileStats path="edu/uci/ics/jung/graph/ElementOrderTest.java" bugCount="1" size="80" bugHash="88abfb5fb6e1567aa021678bd5cae130"/>
    <FileStats path="edu/uci/ics/jung/graph/GraphConstants.java" bugCount="0" size="9"/>
    <FileStats path="edu/uci/ics/jung/graph/MutableCTree.java" bugCount="0" size="5"/>
    <FileStats path="edu/uci/ics/jung/graph/MutableCTreeNetwork.java" bugCount="0" size="5"/>
    <FileStats path="edu/uci/ics/jung/graph/ObservableNetwork.java" bugCount="0" size="98"/>
    <FileStats path="edu/uci/ics/jung/graph/PackageSanityTests.java" bugCount="0" size="29"/>
    <FileStats path="edu/uci/ics/jung/graph/TestUtil.java" bugCount="0" size="43"/>
    <FileStats path="edu/uci/ics/jung/graph/TreeBuilder.java" bugCount="0" size="35"/>
    <FileStats path="edu/uci/ics/jung/graph/TreeNetworkBuilder.java" bugCount="0" size="42"/>
    <FileStats path="edu/uci/ics/jung/graph/event/NetworkEvent.java" bugCount="0" size="47"/>
    <FileStats path="edu/uci/ics/jung/graph/event/NetworkEventListener.java" bugCount="0" size="2"/>
    <FileStats path="edu/uci/ics/jung/graph/util/EdgeIndexFunction.java" bugCount="0" size="4"/>
    <FileStats path="edu/uci/ics/jung/graph/util/Graphs.java" bugCount="0" size="71"/>
    <FileStats path="edu/uci/ics/jung/graph/util/PackageSanityTests.java" bugCount="0" size="10"/>
    <FileStats path="edu/uci/ics/jung/graph/util/ParallelEdgeIndexFunction.java" bugCount="0" size="27"/>
    <FileStats path="edu/uci/ics/jung/graph/util/TreeUtils.java" bugCount="0" size="63"/>
    <FileStats path="edu/uci/ics/jung/graph/util/TreeUtilsTest.java" bugCount="0" size="21"/>
    <PackageStats package="edu.uci.ics.jung.graph" total_bugs="2" total_types="20" total_size="1328" priority_2="2">
      <ClassStats class="edu.uci.ics.jung.graph.AbstractCTreeTest" sourceFile="AbstractCTreeTest.java" interface="false" size="449" bugs="1" priority_2="1"/>
      <ClassStats class="edu.uci.ics.jung.graph.BaseTree" sourceFile="BaseTree.java" interface="true" size="5" bugs="0"/>
      <ClassStats class="edu.uci.ics.jung.graph.CTree" sourceFile="CTree.java" interface="true" size="3" bugs="0"/>
      <ClassStats class="edu.uci.ics.jung.graph.CTreeEquivalenceTest" sourceFile="CTreeEquivalenceTest.java" interface="false" size="40" bugs="0"/>
      <ClassStats class="edu.uci.ics.jung.graph.CTreeMutationTest" sourceFile="CTreeMutationTest.java" interface="false" size="121" bugs="0"/>
      <ClassStats class="edu.uci.ics.jung.graph.CTreeNetwork" sourceFile="CTreeNetwork.java" interface="true" size="5" bugs="0"/>
      <ClassStats class="edu.uci.ics.jung.graph.CTreeTest" sourceFile="CTreeTest.java" interface="false" size="42" bugs="0"/>
      <ClassStats class="edu.uci.ics.jung.graph.DelegateCTree" sourceFile="DelegateCTree.java" interface="false" size="143" bugs="0"/>
      <ClassStats class="edu.uci.ics.jung.graph.DelegateCTreeNetwork" sourceFile="DelegateCTreeNetwork.java" interface="false" size="174" bugs="0"/>
      <ClassStats class="edu.uci.ics.jung.graph.ElementOrderTest" sourceFile="ElementOrderTest.java" interface="false" size="64" bugs="0"/>
      <ClassStats class="edu.uci.ics.jung.graph.ElementOrderTest$ComparableSubClass" sourceFile="ElementOrderTest.java" interface="false" size="8" bugs="1" priority_2="1"/>
      <ClassStats class="edu.uci.ics.jung.graph.ElementOrderTest$NonComparableSuperClass" sourceFile="ElementOrderTest.java" interface="false" size="8" bugs="0"/>
      <ClassStats class="edu.uci.ics.jung.graph.GraphConstants" sourceFile="GraphConstants.java" interface="false" size="9" bugs="0"/>
      <ClassStats class="edu.uci.ics.jung.graph.MutableCTree" sourceFile="MutableCTree.java" interface="true" size="5" bugs="0"/>
      <ClassStats class="edu.uci.ics.jung.graph.MutableCTreeNetwork" sourceFile="MutableCTreeNetwork.java" interface="true" size="5" bugs="0"/>
      <ClassStats class="edu.uci.ics.jung.graph.ObservableNetwork" sourceFile="ObservableNetwork.java" interface="false" size="98" bugs="0"/>
      <ClassStats class="edu.uci.ics.jung.graph.PackageSanityTests" sourceFile="PackageSanityTests.java" interface="false" size="29" bugs="0"/>
      <ClassStats class="edu.uci.ics.jung.graph.TestUtil" sourceFile="TestUtil.java" interface="false" size="43" bugs="0"/>
      <ClassStats class="edu.uci.ics.jung.graph.TreeBuilder" sourceFile="TreeBuilder.java" interface="false" size="35" bugs="0"/>
      <ClassStats class="edu.uci.ics.jung.graph.TreeNetworkBuilder" sourceFile="TreeNetworkBuilder.java" interface="false" size="42" bugs="0"/>
    </PackageStats>
    <PackageStats package="edu.uci.ics.jung.graph.event" total_bugs="0" total_types="5" total_size="49">
      <ClassStats class="edu.uci.ics.jung.graph.event.NetworkEvent" sourceFile="NetworkEvent.java" interface="false" size="12" bugs="0"/>
      <ClassStats class="edu.uci.ics.jung.graph.event.NetworkEvent$Edge" sourceFile="NetworkEvent.java" interface="false" size="10" bugs="0"/>
      <ClassStats class="edu.uci.ics.jung.graph.event.NetworkEvent$Node" sourceFile="NetworkEvent.java" interface="false" size="10" bugs="0"/>
      <ClassStats class="edu.uci.ics.jung.graph.event.NetworkEvent$Type" sourceFile="NetworkEvent.java" interface="false" size="15" bugs="0"/>
      <ClassStats class="edu.uci.ics.jung.graph.event.NetworkEventListener" sourceFile="NetworkEventListener.java" interface="true" size="2" bugs="0"/>
    </PackageStats>
    <PackageStats package="edu.uci.ics.jung.graph.util" total_bugs="0" total_types="8" total_size="196">
      <ClassStats class="edu.uci.ics.jung.graph.util.EdgeIndexFunction" sourceFile="EdgeIndexFunction.java" interface="true" size="4" bugs="0"/>
      <ClassStats class="edu.uci.ics.jung.graph.util.Graphs" sourceFile="Graphs.java" interface="false" size="12" bugs="0"/>
      <ClassStats class="edu.uci.ics.jung.graph.util.Graphs$1" sourceFile="Graphs.java" interface="false" size="1" bugs="0"/>
      <ClassStats class="edu.uci.ics.jung.graph.util.Graphs$SynchronizedNetwork" sourceFile="Graphs.java" interface="false" size="58" bugs="0"/>
      <ClassStats class="edu.uci.ics.jung.graph.util.PackageSanityTests" sourceFile="PackageSanityTests.java" interface="false" size="10" bugs="0"/>
      <ClassStats class="edu.uci.ics.jung.graph.util.ParallelEdgeIndexFunction" sourceFile="ParallelEdgeIndexFunction.java" interface="false" size="27" bugs="0"/>
      <ClassStats class="edu.uci.ics.jung.graph.util.TreeUtils" sourceFile="TreeUtils.java" interface="false" size="63" bugs="0"/>
      <ClassStats class="edu.uci.ics.jung.graph.util.TreeUtilsTest" sourceFile="TreeUtilsTest.java" interface="false" size="21" bugs="0"/>
    </PackageStats>
    <FindBugsProfile>
      <ClassProfile name="edu.umd.cs.findbugs.FindBugs2" totalMilliseconds="722" invocations="2" avgMicrosecondsPerInvocation="361021" maxMicrosecondsPerInvocation="381788" standardDeviationMircosecondsPerInvocation="20767"/>
      <ClassProfile name="edu.umd.cs.findbugs.OpcodeStack$JumpInfoFactory" totalMilliseconds="569" invocations="456" avgMicrosecondsPerInvocation="1249" maxMicrosecondsPerInvocation="470513" standardDeviationMircosecondsPerInvocation="22005"/>
      <ClassProfile name="edu.umd.cs.findbugs.classfile.engine.ClassInfoAnalysisEngine" totalMilliseconds="384" invocations="582" avgMicrosecondsPerInvocation="661" maxMicrosecondsPerInvocation="76774" standardDeviationMircosecondsPerInvocation="3556"/>
      <ClassProfile name="edu.umd.cs.findbugs.classfile.engine.bcel.IsNullValueDataflowFactory" totalMilliseconds="241" invocations="299" avgMicrosecondsPerInvocation="808" maxMicrosecondsPerInvocation="47557" standardDeviationMircosecondsPerInvocation="3199"/>
      <ClassProfile name="edu.umd.cs.findbugs.classfile.engine.bcel.TypeDataflowFactory" totalMilliseconds="230" invocations="299" avgMicrosecondsPerInvocation="772" maxMicrosecondsPerInvocation="76261" standardDeviationMircosecondsPerInvocation="4571"/>
      <ClassProfile name="edu.umd.cs.findbugs.classfile.engine.ClassDataAnalysisEngine" totalMilliseconds="202" invocations="584" avgMicrosecondsPerInvocation="346" maxMicrosecondsPerInvocation="31000" standardDeviationMircosecondsPerInvocation="1779"/>
      <ClassProfile name="edu.umd.cs.findbugs.classfile.engine.bcel.UnconditionalValueDerefDataflowFactory" totalMilliseconds="174" invocations="299" avgMicrosecondsPerInvocation="584" maxMicrosecondsPerInvocation="22824" standardDeviationMircosecondsPerInvocation="2072"/>
      <ClassProfile name="edu.umd.cs.findbugs.detect.FindSelfComparison2" totalMilliseconds="156" invocations="33" avgMicrosecondsPerInvocation="4735" maxMicrosecondsPerInvocation="153413" standardDeviationMircosecondsPerInvocation="26283"/>
      <ClassProfile name="edu.umd.cs.findbugs.classfile.engine.bcel.ValueNumberDataflowFactory" totalMilliseconds="154" invocations="301" avgMicrosecondsPerInvocation="514" maxMicrosecondsPerInvocation="17490" standardDeviationMircosecondsPerInvocation="1351"/>
      <ClassProfile name="edu.umd.cs.findbugs.detect.FieldItemSummary" totalMilliseconds="154" invocations="86" avgMicrosecondsPerInvocation="1790" maxMicrosecondsPerInvocation="21952" standardDeviationMircosecondsPerInvocation="3780"/>
      <ClassProfile name="edu.umd.cs.findbugs.ba.npe.NullDerefAndRedundantComparisonFinder" totalMilliseconds="152" invocations="290" avgMicrosecondsPerInvocation="525" maxMicrosecondsPerInvocation="8509" standardDeviationMircosecondsPerInvocation="1001"/>
      <ClassProfile name="edu.umd.cs.findbugs.detect.CheckRelaxingNullnessAnnotation" totalMilliseconds="143" invocations="33" avgMicrosecondsPerInvocation="4335" maxMicrosecondsPerInvocation="124644" standardDeviationMircosecondsPerInvocation="21358"/>
      <ClassProfile name="edu.umd.cs.findbugs.classfile.engine.bcel.CFGFactory" totalMilliseconds="122" invocations="299" avgMicrosecondsPerInvocation="409" maxMicrosecondsPerInvocation="15668" standardDeviationMircosecondsPerInvocation="1160"/>
      <ClassProfile name="edu.umd.cs.findbugs.detect.FindNoSideEffectMethods" totalMilliseconds="110" invocations="86" avgMicrosecondsPerInvocation="1284" maxMicrosecondsPerInvocation="13124" standardDeviationMircosecondsPerInvocation="2343"/>
      <ClassProfile name="edu.umd.cs.findbugs.detect.FindRefComparison$SpecialTypeAnalysis" totalMilliseconds="78" invocations="285" avgMicrosecondsPerInvocation="274" maxMicrosecondsPerInvocation="7952" standardDeviationMircosecondsPerInvocation="652"/>
      <ClassProfile name="edu.umd.cs.findbugs.detect.NoteDirectlyRelevantTypeQualifiers" totalMilliseconds="77" invocations="86" avgMicrosecondsPerInvocation="901" maxMicrosecondsPerInvocation="34500" standardDeviationMircosecondsPerInvocation="3760"/>
      <ClassProfile name="edu.umd.cs.findbugs.classfile.engine.bcel.ConstantDataflowFactory" totalMilliseconds="69" invocations="299" avgMicrosecondsPerInvocation="231" maxMicrosecondsPerInvocation="10134" standardDeviationMircosecondsPerInvocation="918"/>
      <ClassProfile name="edu.umd.cs.findbugs.classfile.engine.bcel.MethodGenFactory" totalMilliseconds="67" invocations="326" avgMicrosecondsPerInvocation="207" maxMicrosecondsPerInvocation="35274" standardDeviationMircosecondsPerInvocation="1960"/>
      <ClassProfile name="edu.umd.cs.findbugs.classfile.engine.bcel.JavaClassAnalysisEngine" totalMilliseconds="58" invocations="137" avgMicrosecondsPerInvocation="423" maxMicrosecondsPerInvocation="26999" standardDeviationMircosecondsPerInvocation="2368"/>
      <ClassProfile name="edu.umd.cs.findbugs.detect.FindOpenStream" totalMilliseconds="52" invocations="33" avgMicrosecondsPerInvocation="1605" maxMicrosecondsPerInvocation="29226" standardDeviationMircosecondsPerInvocation="6239"/>
      <ClassProfile name="edu.umd.cs.findbugs.detect.LoadOfKnownNullValue" totalMilliseconds="49" invocations="33" avgMicrosecondsPerInvocation="1496" maxMicrosecondsPerInvocation="29339" standardDeviationMircosecondsPerInvocation="5072"/>
      <ClassProfile name="edu.umd.cs.findbugs.detect.FunctionsThatMightBeMistakenForProcedures" totalMilliseconds="49" invocations="86" avgMicrosecondsPerInvocation="573" maxMicrosecondsPerInvocation="13933" standardDeviationMircosecondsPerInvocation="1759"/>
    </FindBugsProfile>
  </FindBugsSummary>
  <ClassFeatures></ClassFeatures>
  <History></History>
</BugCollection>
