<?xml version="1.0" encoding="UTF-8"?>
<?xml-stylesheet type="text/xsl" href="http://findbugs.sourceforge.net/xsl/default.xsl"?>

<BugCollection version="3.0.1" sequence="0" timestamp="1553142320132" analysisTimestamp="1553142319661" release="">
  <Project projectName="jung-parent[jung-graph-impl]">
    <Jar>C:\Users\kay\IdeaProjects\jung\jung-graph-impl\target\classes\edu\uci\ics\jung\graph\util\TestGraphs.class</Jar>
    <AuxClasspathEntry>C:/Users/kay/IdeaProjects/jung/jung-api/target/classes</AuxClasspathEntry>
    <AuxClasspathEntry>C:/Users/kay/IdeaProjects/jung/jung-api/target/test-classes</AuxClasspathEntry>
    <AuxClasspathEntry>C:/Users/kay/IdeaProjects/jung/jung-graph-impl/target/classes</AuxClasspathEntry>
    <SrcDir>C:/Users/kay/IdeaProjects/jung/jung-graph-impl/src/main/java</SrcDir>
  </Project>
  <BugInstance type="DM_NEXTINT_VIA_NEXTDOUBLE" priority="2" rank="18" abbrev="Dm" category="PERFORMANCE" instanceHash="13fff2f7f303d7e410633d9ef5ff80bd" instanceOccurrenceNum="0" instanceOccurrenceMax="0">
    <ShortMessage>Use the nextInt method of Random rather than nextDouble to generate a random integer</ShortMessage>
    <LongMessage>edu.uci.ics.jung.graph.util.TestGraphs.createDirectedAcyclicGraph(int, int, double) uses the nextDouble method of Random to generate a random integer; using nextInt is more efficient</LongMessage>
    <Class classname="edu.uci.ics.jung.graph.util.TestGraphs" primary="true">
      <SourceLine classname="edu.uci.ics.jung.graph.util.TestGraphs" sourcefile="TestGraphs.java" sourcepath="edu/uci/ics/jung/graph/util/TestGraphs.java" relSourcepath="edu\uci\ics\jung\graph\util\TestGraphs.java">
        <Message>In TestGraphs.java</Message>
      </SourceLine>
      <Message>In class edu.uci.ics.jung.graph.util.TestGraphs</Message>
    </Class>
    <Method classname="edu.uci.ics.jung.graph.util.TestGraphs" name="createDirectedAcyclicGraph" signature="(IID)Lcom/google/common/graph/Network;" isStatic="true" primary="true">
      <SourceLine classname="edu.uci.ics.jung.graph.util.TestGraphs" start="103" end="125" startBytecode="0" endBytecode="520" sourcefile="TestGraphs.java" sourcepath="edu/uci/ics/jung/graph/util/TestGraphs.java" relSourcepath="edu\uci\ics\jung\graph\util\TestGraphs.java"/>
      <Message>In method edu.uci.ics.jung.graph.util.TestGraphs.createDirectedAcyclicGraph(int, int, double)</Message>
    </Method>
    <SourceLine classname="edu.uci.ics.jung.graph.util.TestGraphs" primary="true" start="108" end="108" startBytecode="45" endBytecode="45" sourcefile="TestGraphs.java" sourcepath="edu/uci/ics/jung/graph/util/TestGraphs.java" relSourcepath="edu\uci\ics\jung\graph\util\TestGraphs.java">
      <Message>At TestGraphs.java:[line 108]</Message>
    </SourceLine>
    <SourceLine classname="edu.uci.ics.jung.graph.util.TestGraphs" primary="true" start="108" end="108" startBytecode="45" endBytecode="45" sourcefile="TestGraphs.java" sourcepath="edu/uci/ics/jung/graph/util/TestGraphs.java" relSourcepath="edu\uci\ics\jung\graph\util\TestGraphs.java">
      <Message>At TestGraphs.java:[line 108]</Message>
    </SourceLine>
  </BugInstance>
  <BugInstance type="DM_NUMBER_CTOR" priority="2" rank="18" abbrev="Bx" category="PERFORMANCE" instanceHash="d4fca05eae08b1cfbd16f0bebdabd54" instanceOccurrenceNum="0" instanceOccurrenceMax="0">
    <ShortMessage>Method invokes inefficient Number constructor; use static valueOf instead</ShortMessage>
    <LongMessage>edu.uci.ics.jung.graph.util.TestGraphs.getOneComponentGraph() invokes inefficient new Integer(int) constructor; use Integer.valueOf(int) instead</LongMessage>
    <Class classname="edu.uci.ics.jung.graph.util.TestGraphs" primary="true">
      <SourceLine classname="edu.uci.ics.jung.graph.util.TestGraphs" sourcefile="TestGraphs.java" sourcepath="edu/uci/ics/jung/graph/util/TestGraphs.java" relSourcepath="edu\uci\ics\jung\graph\util\TestGraphs.java">
        <Message>In TestGraphs.java</Message>
      </SourceLine>
      <Message>In class edu.uci.ics.jung.graph.util.TestGraphs</Message>
    </Class>
    <Method classname="edu.uci.ics.jung.graph.util.TestGraphs" name="getOneComponentGraph" signature="()Lcom/google/common/graph/Network;" isStatic="true" primary="true">
      <SourceLine classname="edu.uci.ics.jung.graph.util.TestGraphs" start="142" end="173" startBytecode="0" endBytecode="618" sourcefile="TestGraphs.java" sourcepath="edu/uci/ics/jung/graph/util/TestGraphs.java" relSourcepath="edu\uci\ics\jung\graph\util\TestGraphs.java"/>
      <Message>In method edu.uci.ics.jung.graph.util.TestGraphs.getOneComponentGraph()</Message>
    </Method>
    <Method classname="java.lang.Integer" name="&lt;init&gt;" signature="(I)V" isStatic="false" role="METHOD_CALLED">
      <SourceLine classname="java.lang.Integer" start="849" end="851" startBytecode="0" endBytecode="41" sourcefile="Integer.java" sourcepath="java/lang/Integer.java"/>
      <Message>Called method new Integer(int)</Message>
    </Method>
    <Method classname="java.lang.Integer" name="valueOf" signature="(I)Ljava/lang/Integer;" isStatic="true" role="SHOULD_CALL">
      <SourceLine classname="java.lang.Integer" start="830" end="832" startBytecode="0" endBytecode="72" sourcefile="Integer.java" sourcepath="java/lang/Integer.java"/>
      <Message>Should call Integer.valueOf(int) instead</Message>
    </Method>
    <SourceLine classname="edu.uci.ics.jung.graph.util.TestGraphs" primary="true" start="170" end="170" startBytecode="267" endBytecode="267" sourcefile="TestGraphs.java" sourcepath="edu/uci/ics/jung/graph/util/TestGraphs.java" relSourcepath="edu\uci\ics\jung\graph\util\TestGraphs.java">
      <Message>At TestGraphs.java:[line 170]</Message>
    </SourceLine>
    <SourceLine classname="edu.uci.ics.jung.graph.util.TestGraphs" primary="true" start="170" end="170" startBytecode="267" endBytecode="267" sourcefile="TestGraphs.java" sourcepath="edu/uci/ics/jung/graph/util/TestGraphs.java" relSourcepath="edu\uci\ics\jung\graph\util\TestGraphs.java">
      <Message>At TestGraphs.java:[line 170]</Message>
    </SourceLine>
  </BugInstance>
  <BugInstance type="MS_FINAL_PKGPROTECT" priority="2" rank="18" abbrev="MS" category="MALICIOUS_CODE" instanceHash="4a2a57de56572999bf94c12af3e75eb8" instanceOccurrenceNum="0" instanceOccurrenceMax="0" cweid="218">
    <ShortMessage>Field should be both final and package protected</ShortMessage>
    <LongMessage>edu.uci.ics.jung.graph.util.TestGraphs.pairs should be both final and package protected</LongMessage>
    <Class classname="edu.uci.ics.jung.graph.util.TestGraphs" primary="true">
      <SourceLine classname="edu.uci.ics.jung.graph.util.TestGraphs" sourcefile="TestGraphs.java" sourcepath="edu/uci/ics/jung/graph/util/TestGraphs.java" relSourcepath="edu\uci\ics\jung\graph\util\TestGraphs.java">
        <Message>In TestGraphs.java</Message>
      </SourceLine>
      <Message>In class edu.uci.ics.jung.graph.util.TestGraphs</Message>
    </Class>
    <Field classname="edu.uci.ics.jung.graph.util.TestGraphs" name="pairs" signature="[[Ljava/lang/String;" isStatic="true" primary="true">
      <SourceLine classname="edu.uci.ics.jung.graph.util.TestGraphs" sourcefile="TestGraphs.java" sourcepath="edu/uci/ics/jung/graph/util/TestGraphs.java" relSourcepath="edu\uci\ics\jung\graph\util\TestGraphs.java">
        <Message>In TestGraphs.java</Message>
      </SourceLine>
      <Message>Field edu.uci.ics.jung.graph.util.TestGraphs.pairs</Message>
    </Field>
    <SourceLine classname="edu.uci.ics.jung.graph.util.TestGraphs" primary="true" start="28" end="28" startBytecode="183" endBytecode="183" sourcefile="TestGraphs.java" sourcepath="edu/uci/ics/jung/graph/util/TestGraphs.java" relSourcepath="edu\uci\ics\jung\graph\util\TestGraphs.java">
      <Message>At TestGraphs.java:[line 28]</Message>
    </SourceLine>
  </BugInstance>
  <BugCategory category="MALICIOUS_CODE">
    <Description>Malicious code vulnerability</Description>
  </BugCategory>
  <BugCategory category="PERFORMANCE">
    <Description>Performance</Description>
  </BugCategory>
  <BugPattern type="MS_FINAL_PKGPROTECT" abbrev="MS" category="MALICIOUS_CODE">
    <ShortDescription>Field should be both final and package protected</ShortDescription>
    <Details><![CDATA[

 <p>
   A mutable static field could be changed by malicious code or
        by accident from another package.
        The field could be made package protected and/or made final
   to avoid
        this vulnerability.</p>

    ]]></Details>
  </BugPattern>
  <BugPattern type="DM_NUMBER_CTOR" abbrev="Bx" category="PERFORMANCE">
    <ShortDescription>Method invokes inefficient Number constructor; use static valueOf instead</ShortDescription>
    <Details><![CDATA[
      
      <p>
      Using <code>new Integer(int)</code> is guaranteed to always result in a new object whereas
      <code>Integer.valueOf(int)</code> allows caching of values to be done by the compiler, class library, or JVM.
      Using of cached values avoids object allocation and the code will be faster.
      </p>
      <p>
      Values between -128 and 127 are guaranteed to have corresponding cached instances
      and using <code>valueOf</code> is approximately 3.5 times faster than using constructor.
      For values outside the constant range the performance of both styles is the same.
      </p>
      <p>
      Unless the class must be compatible with JVMs predating Java 1.5,
      use either autoboxing or the <code>valueOf()</code> method when creating instances of
      <code>Long</code>, <code>Integer</code>, <code>Short</code>, <code>Character</code>, and <code>Byte</code>.
      </p>
      
    ]]></Details>
  </BugPattern>
  <BugPattern type="DM_NEXTINT_VIA_NEXTDOUBLE" abbrev="Dm" category="PERFORMANCE">
    <ShortDescription>Use the nextInt method of Random rather than nextDouble to generate a random integer</ShortDescription>
    <Details><![CDATA[

  <p>If <code>r</code> is a <code>java.util.Random</code>, you can generate a random number from <code>0</code> to <code>n-1</code>
using <code>r.nextInt(n)</code>, rather than using <code>(int)(r.nextDouble() * n)</code>.
</p>
<p>The argument to nextInt must be positive. If, for example, you want to generate a random
value from -99 to 0, use <code>-r.nextInt(100)</code>.
</p>

    ]]></Details>
  </BugPattern>
  <BugCode abbrev="Bx">
    <Description>Questionable Boxing of primitive value</Description>
  </BugCode>
  <BugCode abbrev="MS" cweid="218">
    <Description>Mutable static field</Description>
  </BugCode>
  <BugCode abbrev="Dm">
    <Description>Dubious method used</Description>
  </BugCode>
  <Errors errors="0" missingClasses="0"></Errors>
  <FindBugsSummary timestamp="Wed, 20 Mar 2019 21:25:01 -0700" total_classes="1" referenced_classes="16" total_bugs="3" total_size="89" num_packages="1" java_version="1.8.0_152-release" vm_version="25.152-b28" cpu_seconds="196.50" clock_seconds="469.56" peak_mbytes="652.98" alloc_mbytes="725.00" gc_seconds="3.62" priority_2="3">
    <FileStats path="edu/uci/ics/jung/graph/util/TestGraphs.java" bugCount="3" size="89" bugHash="06e8bc3bb7ba30b6509a0df02c3cfe06"/>
    <PackageStats package="edu.uci.ics.jung.graph.util" total_bugs="3" total_types="1" total_size="89" priority_2="3">
      <ClassStats class="edu.uci.ics.jung.graph.util.TestGraphs" sourceFile="TestGraphs.java" interface="false" size="89" bugs="3" priority_2="3"/>
    </PackageStats>
    <FindBugsProfile>
      <ClassProfile name="edu.umd.cs.findbugs.classfile.engine.ClassInfoAnalysisEngine" totalMilliseconds="127" invocations="327" avgMicrosecondsPerInvocation="391" maxMicrosecondsPerInvocation="12080" standardDeviationMircosecondsPerInvocation="1024"/>
      <ClassProfile name="edu.umd.cs.findbugs.FindBugs2" totalMilliseconds="116" invocations="2" avgMicrosecondsPerInvocation="58474" maxMicrosecondsPerInvocation="83123" standardDeviationMircosecondsPerInvocation="24649"/>
      <ClassProfile name="edu.umd.cs.findbugs.classfile.engine.ClassDataAnalysisEngine" totalMilliseconds="55" invocations="327" avgMicrosecondsPerInvocation="168" maxMicrosecondsPerInvocation="1078" standardDeviationMircosecondsPerInvocation="76"/>
      <ClassProfile name="edu.umd.cs.findbugs.OpcodeStack$JumpInfoFactory" totalMilliseconds="16" invocations="75" avgMicrosecondsPerInvocation="213" maxMicrosecondsPerInvocation="766" standardDeviationMircosecondsPerInvocation="178"/>
      <ClassProfile name="edu.umd.cs.findbugs.detect.FieldItemSummary" totalMilliseconds="15" invocations="16" avgMicrosecondsPerInvocation="981" maxMicrosecondsPerInvocation="3939" standardDeviationMircosecondsPerInvocation="1250"/>
      <ClassProfile name="edu.umd.cs.findbugs.util.TopologicalSort" totalMilliseconds="14" invocations="292" avgMicrosecondsPerInvocation="50" maxMicrosecondsPerInvocation="1195" standardDeviationMircosecondsPerInvocation="103"/>
    </FindBugsProfile>
  </FindBugsSummary>
  <ClassFeatures></ClassFeatures>
  <History></History>
</BugCollection>
